litmus,family,fenced,schedule,seed,issue_stall_percent,backpressure_percent,r0,r1,outcome,herd_allowed_outcomes,status,first_mismatch,cycles,simultaneous_bank_cycles,axi_wait_cycles,rvfi_trace,event_trace,enriched_trace
SB,store_buffering,false,0,33052,0,0,1,1,"1,1",4,PASS,none,113,0,19,build/coherent/rtl_litmus_traces/sb_00_rvfi.csv,build/coherent/rtl_litmus_traces/sb_00_events.csv,build/coherent/rtl_litmus_traces/sb_00_enriched.jsonl
SB,store_buffering,false,1,33183,10,0,1,1,"1,1",4,PASS,none,114,0,19,build/coherent/rtl_litmus_traces/sb_01_rvfi.csv,build/coherent/rtl_litmus_traces/sb_01_events.csv,build/coherent/rtl_litmus_traces/sb_01_enriched.jsonl
SB,store_buffering,false,2,33314,25,0,1,1,"1,1",4,PASS,none,118,0,14,build/coherent/rtl_litmus_traces/sb_02_rvfi.csv,build/coherent/rtl_litmus_traces/sb_02_events.csv,build/coherent/rtl_litmus_traces/sb_02_enriched.jsonl
SB,store_buffering,false,3,33445,40,0,1,1,"1,1",4,PASS,none,126,0,17,build/coherent/rtl_litmus_traces/sb_03_rvfi.csv,build/coherent/rtl_litmus_traces/sb_03_events.csv,build/coherent/rtl_litmus_traces/sb_03_enriched.jsonl
SB,store_buffering,false,4,33576,55,0,1,1,"1,1",4,PASS,none,141,0,13,build/coherent/rtl_litmus_traces/sb_04_rvfi.csv,build/coherent/rtl_litmus_traces/sb_04_events.csv,build/coherent/rtl_litmus_traces/sb_04_enriched.jsonl
SB,store_buffering,false,5,33707,0,25,1,1,"1,1",4,PASS,none,118,0,25,build/coherent/rtl_litmus_traces/sb_05_rvfi.csv,build/coherent/rtl_litmus_traces/sb_05_events.csv,build/coherent/rtl_litmus_traces/sb_05_enriched.jsonl
SB,store_buffering,false,6,33838,10,25,1,1,"1,1",4,PASS,none,125,0,33,build/coherent/rtl_litmus_traces/sb_06_rvfi.csv,build/coherent/rtl_litmus_traces/sb_06_events.csv,build/coherent/rtl_litmus_traces/sb_06_enriched.jsonl
SB,store_buffering,false,7,33969,25,25,1,1,"1,1",4,PASS,none,120,0,20,build/coherent/rtl_litmus_traces/sb_07_rvfi.csv,build/coherent/rtl_litmus_traces/sb_07_events.csv,build/coherent/rtl_litmus_traces/sb_07_enriched.jsonl
SB,store_buffering,false,8,34100,40,25,1,1,"1,1",4,PASS,none,128,0,18,build/coherent/rtl_litmus_traces/sb_08_rvfi.csv,build/coherent/rtl_litmus_traces/sb_08_events.csv,build/coherent/rtl_litmus_traces/sb_08_enriched.jsonl
SB,store_buffering,false,9,34231,55,25,1,1,"1,1",4,PASS,none,149,0,15,build/coherent/rtl_litmus_traces/sb_09_rvfi.csv,build/coherent/rtl_litmus_traces/sb_09_events.csv,build/coherent/rtl_litmus_traces/sb_09_enriched.jsonl
SB,store_buffering,false,10,34362,0,50,1,1,"1,1",4,PASS,none,120,0,33,build/coherent/rtl_litmus_traces/sb_10_rvfi.csv,build/coherent/rtl_litmus_traces/sb_10_events.csv,build/coherent/rtl_litmus_traces/sb_10_enriched.jsonl
SB,store_buffering,false,11,34493,10,50,1,1,"1,1",4,PASS,none,124,0,35,build/coherent/rtl_litmus_traces/sb_11_rvfi.csv,build/coherent/rtl_litmus_traces/sb_11_events.csv,build/coherent/rtl_litmus_traces/sb_11_enriched.jsonl
SB,store_buffering,false,12,34624,25,50,1,1,"1,1",4,PASS,none,135,0,40,build/coherent/rtl_litmus_traces/sb_12_rvfi.csv,build/coherent/rtl_litmus_traces/sb_12_events.csv,build/coherent/rtl_litmus_traces/sb_12_enriched.jsonl
SB,store_buffering,false,13,34755,40,50,1,1,"1,1",4,PASS,none,127,0,34,build/coherent/rtl_litmus_traces/sb_13_rvfi.csv,build/coherent/rtl_litmus_traces/sb_13_events.csv,build/coherent/rtl_litmus_traces/sb_13_enriched.jsonl
SB,store_buffering,false,14,34886,55,50,0,1,"0,1",4,PASS,none,159,0,30,build/coherent/rtl_litmus_traces/sb_14_rvfi.csv,build/coherent/rtl_litmus_traces/sb_14_events.csv,build/coherent/rtl_litmus_traces/sb_14_enriched.jsonl
SB,store_buffering,false,15,35017,0,75,1,1,"1,1",4,PASS,none,161,0,113,build/coherent/rtl_litmus_traces/sb_15_rvfi.csv,build/coherent/rtl_litmus_traces/sb_15_events.csv,build/coherent/rtl_litmus_traces/sb_15_enriched.jsonl
SB,store_buffering,false,16,35148,10,75,1,1,"1,1",4,PASS,none,149,0,89,build/coherent/rtl_litmus_traces/sb_16_rvfi.csv,build/coherent/rtl_litmus_traces/sb_16_events.csv,build/coherent/rtl_litmus_traces/sb_16_enriched.jsonl
SB,store_buffering,false,17,35279,25,75,1,1,"1,1",4,PASS,none,158,0,94,build/coherent/rtl_litmus_traces/sb_17_rvfi.csv,build/coherent/rtl_litmus_traces/sb_17_events.csv,build/coherent/rtl_litmus_traces/sb_17_enriched.jsonl
SB,store_buffering,false,18,35410,40,75,1,1,"1,1",4,PASS,none,186,0,113,build/coherent/rtl_litmus_traces/sb_18_rvfi.csv,build/coherent/rtl_litmus_traces/sb_18_events.csv,build/coherent/rtl_litmus_traces/sb_18_enriched.jsonl
SB,store_buffering,false,19,35541,55,75,1,1,"1,1",4,PASS,none,168,0,70,build/coherent/rtl_litmus_traces/sb_19_rvfi.csv,build/coherent/rtl_litmus_traces/sb_19_events.csv,build/coherent/rtl_litmus_traces/sb_19_enriched.jsonl
SB,store_buffering,false,20,35672,0,0,1,1,"1,1",4,PASS,none,113,0,19,build/coherent/rtl_litmus_traces/sb_20_rvfi.csv,build/coherent/rtl_litmus_traces/sb_20_events.csv,build/coherent/rtl_litmus_traces/sb_20_enriched.jsonl
SB,store_buffering,false,21,35803,10,0,1,1,"1,1",4,PASS,none,116,0,19,build/coherent/rtl_litmus_traces/sb_21_rvfi.csv,build/coherent/rtl_litmus_traces/sb_21_events.csv,build/coherent/rtl_litmus_traces/sb_21_enriched.jsonl
SB,store_buffering,false,22,35934,25,0,1,1,"1,1",4,PASS,none,119,0,15,build/coherent/rtl_litmus_traces/sb_22_rvfi.csv,build/coherent/rtl_litmus_traces/sb_22_events.csv,build/coherent/rtl_litmus_traces/sb_22_enriched.jsonl
SB,store_buffering,false,23,36065,40,0,1,1,"1,1",4,PASS,none,126,0,15,build/coherent/rtl_litmus_traces/sb_23_rvfi.csv,build/coherent/rtl_litmus_traces/sb_23_events.csv,build/coherent/rtl_litmus_traces/sb_23_enriched.jsonl
SB,store_buffering,false,24,36196,55,0,1,1,"1,1",4,PASS,none,131,0,16,build/coherent/rtl_litmus_traces/sb_24_rvfi.csv,build/coherent/rtl_litmus_traces/sb_24_events.csv,build/coherent/rtl_litmus_traces/sb_24_enriched.jsonl
SB_FENCE,store_buffering,true,0,37151,0,0,1,1,"1,1",4,PASS,none,117,0,9,build/coherent/rtl_litmus_traces/sb_fence_00_rvfi.csv,build/coherent/rtl_litmus_traces/sb_fence_00_events.csv,build/coherent/rtl_litmus_traces/sb_fence_00_enriched.jsonl
SB_FENCE,store_buffering,true,1,37282,10,0,1,1,"1,1",4,PASS,none,121,0,6,build/coherent/rtl_litmus_traces/sb_fence_01_rvfi.csv,build/coherent/rtl_litmus_traces/sb_fence_01_events.csv,build/coherent/rtl_litmus_traces/sb_fence_01_enriched.jsonl
SB_FENCE,store_buffering,true,2,37413,25,0,1,1,"1,1",4,PASS,none,127,0,12,build/coherent/rtl_litmus_traces/sb_fence_02_rvfi.csv,build/coherent/rtl_litmus_traces/sb_fence_02_events.csv,build/coherent/rtl_litmus_traces/sb_fence_02_enriched.jsonl
SB_FENCE,store_buffering,true,3,37544,40,0,1,1,"1,1",4,PASS,none,128,0,10,build/coherent/rtl_litmus_traces/sb_fence_03_rvfi.csv,build/coherent/rtl_litmus_traces/sb_fence_03_events.csv,build/coherent/rtl_litmus_traces/sb_fence_03_enriched.jsonl
SB_FENCE,store_buffering,true,4,37675,55,0,1,1,"1,1",4,PASS,none,155,0,10,build/coherent/rtl_litmus_traces/sb_fence_04_rvfi.csv,build/coherent/rtl_litmus_traces/sb_fence_04_events.csv,build/coherent/rtl_litmus_traces/sb_fence_04_enriched.jsonl
SB_FENCE,store_buffering,true,5,37806,0,25,1,1,"1,1",4,PASS,none,119,0,11,build/coherent/rtl_litmus_traces/sb_fence_05_rvfi.csv,build/coherent/rtl_litmus_traces/sb_fence_05_events.csv,build/coherent/rtl_litmus_traces/sb_fence_05_enriched.jsonl
SB_FENCE,store_buffering,true,6,37937,10,25,1,1,"1,1",4,PASS,none,128,0,9,build/coherent/rtl_litmus_traces/sb_fence_06_rvfi.csv,build/coherent/rtl_litmus_traces/sb_fence_06_events.csv,build/coherent/rtl_litmus_traces/sb_fence_06_enriched.jsonl
SB_FENCE,store_buffering,true,7,38068,25,25,1,1,"1,1",4,PASS,none,130,0,5,build/coherent/rtl_litmus_traces/sb_fence_07_rvfi.csv,build/coherent/rtl_litmus_traces/sb_fence_07_events.csv,build/coherent/rtl_litmus_traces/sb_fence_07_enriched.jsonl
SB_FENCE,store_buffering,true,8,38199,40,25,1,1,"1,1",4,PASS,none,131,0,9,build/coherent/rtl_litmus_traces/sb_fence_08_rvfi.csv,build/coherent/rtl_litmus_traces/sb_fence_08_events.csv,build/coherent/rtl_litmus_traces/sb_fence_08_enriched.jsonl
SB_FENCE,store_buffering,true,9,38330,55,25,1,1,"1,1",4,PASS,none,169,0,10,build/coherent/rtl_litmus_traces/sb_fence_09_rvfi.csv,build/coherent/rtl_litmus_traces/sb_fence_09_events.csv,build/coherent/rtl_litmus_traces/sb_fence_09_enriched.jsonl
SB_FENCE,store_buffering,true,10,38461,0,50,1,1,"1,1",4,PASS,none,130,0,31,build/coherent/rtl_litmus_traces/sb_fence_10_rvfi.csv,build/coherent/rtl_litmus_traces/sb_fence_10_events.csv,build/coherent/rtl_litmus_traces/sb_fence_10_enriched.jsonl
SB_FENCE,store_buffering,true,11,38592,10,50,1,1,"1,1",4,PASS,none,132,0,22,build/coherent/rtl_litmus_traces/sb_fence_11_rvfi.csv,build/coherent/rtl_litmus_traces/sb_fence_11_events.csv,build/coherent/rtl_litmus_traces/sb_fence_11_enriched.jsonl
SB_FENCE,store_buffering,true,12,38723,25,50,1,1,"1,1",4,PASS,none,135,0,20,build/coherent/rtl_litmus_traces/sb_fence_12_rvfi.csv,build/coherent/rtl_litmus_traces/sb_fence_12_events.csv,build/coherent/rtl_litmus_traces/sb_fence_12_enriched.jsonl
SB_FENCE,store_buffering,true,13,38854,40,50,1,1,"1,1",4,PASS,none,136,0,15,build/coherent/rtl_litmus_traces/sb_fence_13_rvfi.csv,build/coherent/rtl_litmus_traces/sb_fence_13_events.csv,build/coherent/rtl_litmus_traces/sb_fence_13_enriched.jsonl
SB_FENCE,store_buffering,true,14,38985,55,50,1,1,"1,1",4,PASS,none,156,0,22,build/coherent/rtl_litmus_traces/sb_fence_14_rvfi.csv,build/coherent/rtl_litmus_traces/sb_fence_14_events.csv,build/coherent/rtl_litmus_traces/sb_fence_14_enriched.jsonl
SB_FENCE,store_buffering,true,15,39116,0,75,1,1,"1,1",4,PASS,none,154,0,65,build/coherent/rtl_litmus_traces/sb_fence_15_rvfi.csv,build/coherent/rtl_litmus_traces/sb_fence_15_events.csv,build/coherent/rtl_litmus_traces/sb_fence_15_enriched.jsonl
SB_FENCE,store_buffering,true,16,39247,10,75,1,1,"1,1",4,PASS,none,149,0,55,build/coherent/rtl_litmus_traces/sb_fence_16_rvfi.csv,build/coherent/rtl_litmus_traces/sb_fence_16_events.csv,build/coherent/rtl_litmus_traces/sb_fence_16_enriched.jsonl
SB_FENCE,store_buffering,true,17,39378,25,75,1,1,"1,1",4,PASS,none,143,0,34,build/coherent/rtl_litmus_traces/sb_fence_17_rvfi.csv,build/coherent/rtl_litmus_traces/sb_fence_17_events.csv,build/coherent/rtl_litmus_traces/sb_fence_17_enriched.jsonl
SB_FENCE,store_buffering,true,18,39509,40,75,1,1,"1,1",4,PASS,none,180,0,95,build/coherent/rtl_litmus_traces/sb_fence_18_rvfi.csv,build/coherent/rtl_litmus_traces/sb_fence_18_events.csv,build/coherent/rtl_litmus_traces/sb_fence_18_enriched.jsonl
SB_FENCE,store_buffering,true,19,39640,55,75,1,1,"1,1",4,PASS,none,188,0,48,build/coherent/rtl_litmus_traces/sb_fence_19_rvfi.csv,build/coherent/rtl_litmus_traces/sb_fence_19_events.csv,build/coherent/rtl_litmus_traces/sb_fence_19_enriched.jsonl
SB_FENCE,store_buffering,true,20,39771,0,0,1,1,"1,1",4,PASS,none,117,0,9,build/coherent/rtl_litmus_traces/sb_fence_20_rvfi.csv,build/coherent/rtl_litmus_traces/sb_fence_20_events.csv,build/coherent/rtl_litmus_traces/sb_fence_20_enriched.jsonl
SB_FENCE,store_buffering,true,21,39902,10,0,1,1,"1,1",4,PASS,none,119,0,6,build/coherent/rtl_litmus_traces/sb_fence_21_rvfi.csv,build/coherent/rtl_litmus_traces/sb_fence_21_events.csv,build/coherent/rtl_litmus_traces/sb_fence_21_enriched.jsonl
SB_FENCE,store_buffering,true,22,40033,25,0,1,1,"1,1",4,PASS,none,131,0,7,build/coherent/rtl_litmus_traces/sb_fence_22_rvfi.csv,build/coherent/rtl_litmus_traces/sb_fence_22_events.csv,build/coherent/rtl_litmus_traces/sb_fence_22_enriched.jsonl
SB_FENCE,store_buffering,true,23,40164,40,0,1,1,"1,1",4,PASS,none,136,0,12,build/coherent/rtl_litmus_traces/sb_fence_23_rvfi.csv,build/coherent/rtl_litmus_traces/sb_fence_23_events.csv,build/coherent/rtl_litmus_traces/sb_fence_23_enriched.jsonl
SB_FENCE,store_buffering,true,24,40295,55,0,1,1,"1,1",4,PASS,none,158,0,15,build/coherent/rtl_litmus_traces/sb_fence_24_rvfi.csv,build/coherent/rtl_litmus_traces/sb_fence_24_events.csv,build/coherent/rtl_litmus_traces/sb_fence_24_enriched.jsonl
MP,message_passing,false,0,41250,0,0,0,1,"0,1",2,PASS,none,108,0,8,build/coherent/rtl_litmus_traces/mp_00_rvfi.csv,build/coherent/rtl_litmus_traces/mp_00_events.csv,build/coherent/rtl_litmus_traces/mp_00_enriched.jsonl
MP,message_passing,false,1,41381,10,0,0,1,"0,1",2,PASS,none,110,0,10,build/coherent/rtl_litmus_traces/mp_01_rvfi.csv,build/coherent/rtl_litmus_traces/mp_01_events.csv,build/coherent/rtl_litmus_traces/mp_01_enriched.jsonl
MP,message_passing,false,2,41512,25,0,0,1,"0,1",2,PASS,none,110,0,5,build/coherent/rtl_litmus_traces/mp_02_rvfi.csv,build/coherent/rtl_litmus_traces/mp_02_events.csv,build/coherent/rtl_litmus_traces/mp_02_enriched.jsonl
MP,message_passing,false,3,41643,40,0,0,1,"0,1",2,PASS,none,112,0,4,build/coherent/rtl_litmus_traces/mp_03_rvfi.csv,build/coherent/rtl_litmus_traces/mp_03_events.csv,build/coherent/rtl_litmus_traces/mp_03_enriched.jsonl
MP,message_passing,false,4,41774,55,0,0,1,"0,1",2,PASS,none,144,0,8,build/coherent/rtl_litmus_traces/mp_04_rvfi.csv,build/coherent/rtl_litmus_traces/mp_04_events.csv,build/coherent/rtl_litmus_traces/mp_04_enriched.jsonl
MP,message_passing,false,5,41905,0,25,0,1,"0,1",2,PASS,none,110,0,12,build/coherent/rtl_litmus_traces/mp_05_rvfi.csv,build/coherent/rtl_litmus_traces/mp_05_events.csv,build/coherent/rtl_litmus_traces/mp_05_enriched.jsonl
MP,message_passing,false,6,42036,10,25,0,1,"0,1",2,PASS,none,116,0,17,build/coherent/rtl_litmus_traces/mp_06_rvfi.csv,build/coherent/rtl_litmus_traces/mp_06_events.csv,build/coherent/rtl_litmus_traces/mp_06_enriched.jsonl
MP,message_passing,false,7,42167,25,25,0,1,"0,1",2,PASS,none,115,0,8,build/coherent/rtl_litmus_traces/mp_07_rvfi.csv,build/coherent/rtl_litmus_traces/mp_07_events.csv,build/coherent/rtl_litmus_traces/mp_07_enriched.jsonl
MP,message_passing,false,8,42298,40,25,0,1,"0,1",2,PASS,none,138,0,19,build/coherent/rtl_litmus_traces/mp_08_rvfi.csv,build/coherent/rtl_litmus_traces/mp_08_events.csv,build/coherent/rtl_litmus_traces/mp_08_enriched.jsonl
MP,message_passing,false,9,42429,55,25,0,1,"0,1",2,PASS,none,121,0,4,build/coherent/rtl_litmus_traces/mp_09_rvfi.csv,build/coherent/rtl_litmus_traces/mp_09_events.csv,build/coherent/rtl_litmus_traces/mp_09_enriched.jsonl
MP,message_passing,false,10,42560,0,50,0,1,"0,1",2,PASS,none,107,0,26,build/coherent/rtl_litmus_traces/mp_10_rvfi.csv,build/coherent/rtl_litmus_traces/mp_10_events.csv,build/coherent/rtl_litmus_traces/mp_10_enriched.jsonl
MP,message_passing,false,11,42691,10,50,0,1,"0,1",2,PASS,none,105,0,18,build/coherent/rtl_litmus_traces/mp_11_rvfi.csv,build/coherent/rtl_litmus_traces/mp_11_events.csv,build/coherent/rtl_litmus_traces/mp_11_enriched.jsonl
MP,message_passing,false,12,42822,25,50,0,1,"0,1",2,PASS,none,116,0,9,build/coherent/rtl_litmus_traces/mp_12_rvfi.csv,build/coherent/rtl_litmus_traces/mp_12_events.csv,build/coherent/rtl_litmus_traces/mp_12_enriched.jsonl
MP,message_passing,false,13,42953,40,50,0,1,"0,1",2,PASS,none,121,0,8,build/coherent/rtl_litmus_traces/mp_13_rvfi.csv,build/coherent/rtl_litmus_traces/mp_13_events.csv,build/coherent/rtl_litmus_traces/mp_13_enriched.jsonl
MP,message_passing,false,14,43084,55,50,0,1,"0,1",2,PASS,none,123,0,6,build/coherent/rtl_litmus_traces/mp_14_rvfi.csv,build/coherent/rtl_litmus_traces/mp_14_events.csv,build/coherent/rtl_litmus_traces/mp_14_enriched.jsonl
MP,message_passing,false,15,43215,0,75,0,1,"0,1",2,PASS,none,109,0,24,build/coherent/rtl_litmus_traces/mp_15_rvfi.csv,build/coherent/rtl_litmus_traces/mp_15_events.csv,build/coherent/rtl_litmus_traces/mp_15_enriched.jsonl
MP,message_passing,false,16,43346,10,75,0,1,"0,1",2,PASS,none,110,0,21,build/coherent/rtl_litmus_traces/mp_16_rvfi.csv,build/coherent/rtl_litmus_traces/mp_16_events.csv,build/coherent/rtl_litmus_traces/mp_16_enriched.jsonl
MP,message_passing,false,17,43477,25,75,0,1,"0,1",2,PASS,none,131,0,64,build/coherent/rtl_litmus_traces/mp_17_rvfi.csv,build/coherent/rtl_litmus_traces/mp_17_events.csv,build/coherent/rtl_litmus_traces/mp_17_enriched.jsonl
MP,message_passing,false,18,43608,40,75,0,1,"0,1",2,PASS,none,123,0,54,build/coherent/rtl_litmus_traces/mp_18_rvfi.csv,build/coherent/rtl_litmus_traces/mp_18_events.csv,build/coherent/rtl_litmus_traces/mp_18_enriched.jsonl
MP,message_passing,false,19,43739,55,75,0,1,"0,1",2,PASS,none,183,0,66,build/coherent/rtl_litmus_traces/mp_19_rvfi.csv,build/coherent/rtl_litmus_traces/mp_19_events.csv,build/coherent/rtl_litmus_traces/mp_19_enriched.jsonl
MP,message_passing,false,20,43870,0,0,0,1,"0,1",2,PASS,none,108,0,8,build/coherent/rtl_litmus_traces/mp_20_rvfi.csv,build/coherent/rtl_litmus_traces/mp_20_events.csv,build/coherent/rtl_litmus_traces/mp_20_enriched.jsonl
MP,message_passing,false,21,44001,10,0,0,1,"0,1",2,PASS,none,108,0,6,build/coherent/rtl_litmus_traces/mp_21_rvfi.csv,build/coherent/rtl_litmus_traces/mp_21_events.csv,build/coherent/rtl_litmus_traces/mp_21_enriched.jsonl
MP,message_passing,false,22,44132,25,0,0,1,"0,1",2,PASS,none,116,0,7,build/coherent/rtl_litmus_traces/mp_22_rvfi.csv,build/coherent/rtl_litmus_traces/mp_22_events.csv,build/coherent/rtl_litmus_traces/mp_22_enriched.jsonl
MP,message_passing,false,23,44263,40,0,0,1,"0,1",2,PASS,none,117,0,8,build/coherent/rtl_litmus_traces/mp_23_rvfi.csv,build/coherent/rtl_litmus_traces/mp_23_events.csv,build/coherent/rtl_litmus_traces/mp_23_enriched.jsonl
MP,message_passing,false,24,44394,55,0,0,1,"0,1",2,PASS,none,144,0,6,build/coherent/rtl_litmus_traces/mp_24_rvfi.csv,build/coherent/rtl_litmus_traces/mp_24_events.csv,build/coherent/rtl_litmus_traces/mp_24_enriched.jsonl
MP_FENCE,message_passing,true,0,45349,0,0,0,1,"0,1",2,PASS,none,106,0,2,build/coherent/rtl_litmus_traces/mp_fence_00_rvfi.csv,build/coherent/rtl_litmus_traces/mp_fence_00_events.csv,build/coherent/rtl_litmus_traces/mp_fence_00_enriched.jsonl
MP_FENCE,message_passing,true,1,45480,10,0,0,1,"0,1",2,PASS,none,109,0,6,build/coherent/rtl_litmus_traces/mp_fence_01_rvfi.csv,build/coherent/rtl_litmus_traces/mp_fence_01_events.csv,build/coherent/rtl_litmus_traces/mp_fence_01_enriched.jsonl
MP_FENCE,message_passing,true,2,45611,25,0,0,1,"0,1",2,PASS,none,117,0,5,build/coherent/rtl_litmus_traces/mp_fence_02_rvfi.csv,build/coherent/rtl_litmus_traces/mp_fence_02_events.csv,build/coherent/rtl_litmus_traces/mp_fence_02_enriched.jsonl
MP_FENCE,message_passing,true,3,45742,40,0,0,1,"0,1",2,PASS,none,126,0,9,build/coherent/rtl_litmus_traces/mp_fence_03_rvfi.csv,build/coherent/rtl_litmus_traces/mp_fence_03_events.csv,build/coherent/rtl_litmus_traces/mp_fence_03_enriched.jsonl
MP_FENCE,message_passing,true,4,45873,55,0,0,1,"0,1",2,PASS,none,147,0,3,build/coherent/rtl_litmus_traces/mp_fence_04_rvfi.csv,build/coherent/rtl_litmus_traces/mp_fence_04_events.csv,build/coherent/rtl_litmus_traces/mp_fence_04_enriched.jsonl
MP_FENCE,message_passing,true,5,46004,0,25,0,1,"0,1",2,PASS,none,106,0,2,build/coherent/rtl_litmus_traces/mp_fence_05_rvfi.csv,build/coherent/rtl_litmus_traces/mp_fence_05_events.csv,build/coherent/rtl_litmus_traces/mp_fence_05_enriched.jsonl
MP_FENCE,message_passing,true,6,46135,10,25,0,1,"0,1",2,PASS,none,116,0,18,build/coherent/rtl_litmus_traces/mp_fence_06_rvfi.csv,build/coherent/rtl_litmus_traces/mp_fence_06_events.csv,build/coherent/rtl_litmus_traces/mp_fence_06_enriched.jsonl
MP_FENCE,message_passing,true,7,46266,25,25,0,1,"0,1",2,PASS,none,132,0,20,build/coherent/rtl_litmus_traces/mp_fence_07_rvfi.csv,build/coherent/rtl_litmus_traces/mp_fence_07_events.csv,build/coherent/rtl_litmus_traces/mp_fence_07_enriched.jsonl
MP_FENCE,message_passing,true,8,46397,40,25,0,1,"0,1",2,PASS,none,130,0,7,build/coherent/rtl_litmus_traces/mp_fence_08_rvfi.csv,build/coherent/rtl_litmus_traces/mp_fence_08_events.csv,build/coherent/rtl_litmus_traces/mp_fence_08_enriched.jsonl
MP_FENCE,message_passing,true,9,46528,55,25,0,1,"0,1",2,PASS,none,146,0,10,build/coherent/rtl_litmus_traces/mp_fence_09_rvfi.csv,build/coherent/rtl_litmus_traces/mp_fence_09_events.csv,build/coherent/rtl_litmus_traces/mp_fence_09_enriched.jsonl
MP_FENCE,message_passing,true,10,46659,0,50,0,1,"0,1",2,PASS,none,110,0,14,build/coherent/rtl_litmus_traces/mp_fence_10_rvfi.csv,build/coherent/rtl_litmus_traces/mp_fence_10_events.csv,build/coherent/rtl_litmus_traces/mp_fence_10_enriched.jsonl
MP_FENCE,message_passing,true,11,46790,10,50,0,1,"0,1",2,PASS,none,113,0,16,build/coherent/rtl_litmus_traces/mp_fence_11_rvfi.csv,build/coherent/rtl_litmus_traces/mp_fence_11_events.csv,build/coherent/rtl_litmus_traces/mp_fence_11_enriched.jsonl
MP_FENCE,message_passing,true,12,46921,25,50,0,1,"0,1",2,PASS,none,122,0,16,build/coherent/rtl_litmus_traces/mp_fence_12_rvfi.csv,build/coherent/rtl_litmus_traces/mp_fence_12_events.csv,build/coherent/rtl_litmus_traces/mp_fence_12_enriched.jsonl
MP_FENCE,message_passing,true,13,47052,40,50,0,1,"0,1",2,PASS,none,136,0,27,build/coherent/rtl_litmus_traces/mp_fence_13_rvfi.csv,build/coherent/rtl_litmus_traces/mp_fence_13_events.csv,build/coherent/rtl_litmus_traces/mp_fence_13_enriched.jsonl
MP_FENCE,message_passing,true,14,47183,55,50,0,1,"0,1",2,PASS,none,153,0,6,build/coherent/rtl_litmus_traces/mp_fence_14_rvfi.csv,build/coherent/rtl_litmus_traces/mp_fence_14_events.csv,build/coherent/rtl_litmus_traces/mp_fence_14_enriched.jsonl
MP_FENCE,message_passing,true,15,47314,0,75,0,1,"0,1",2,PASS,none,118,0,37,build/coherent/rtl_litmus_traces/mp_fence_15_rvfi.csv,build/coherent/rtl_litmus_traces/mp_fence_15_events.csv,build/coherent/rtl_litmus_traces/mp_fence_15_enriched.jsonl
MP_FENCE,message_passing,true,16,47445,10,75,0,1,"0,1",2,PASS,none,169,0,81,build/coherent/rtl_litmus_traces/mp_fence_16_rvfi.csv,build/coherent/rtl_litmus_traces/mp_fence_16_events.csv,build/coherent/rtl_litmus_traces/mp_fence_16_enriched.jsonl
MP_FENCE,message_passing,true,17,47576,25,75,0,1,"0,1",2,PASS,none,146,0,69,build/coherent/rtl_litmus_traces/mp_fence_17_rvfi.csv,build/coherent/rtl_litmus_traces/mp_fence_17_events.csv,build/coherent/rtl_litmus_traces/mp_fence_17_enriched.jsonl
MP_FENCE,message_passing,true,18,47707,40,75,0,1,"0,1",2,PASS,none,146,0,46,build/coherent/rtl_litmus_traces/mp_fence_18_rvfi.csv,build/coherent/rtl_litmus_traces/mp_fence_18_events.csv,build/coherent/rtl_litmus_traces/mp_fence_18_enriched.jsonl
MP_FENCE,message_passing,true,19,47838,55,75,0,1,"0,1",2,PASS,none,159,0,39,build/coherent/rtl_litmus_traces/mp_fence_19_rvfi.csv,build/coherent/rtl_litmus_traces/mp_fence_19_events.csv,build/coherent/rtl_litmus_traces/mp_fence_19_enriched.jsonl
MP_FENCE,message_passing,true,20,47969,0,0,0,1,"0,1",2,PASS,none,106,0,2,build/coherent/rtl_litmus_traces/mp_fence_20_rvfi.csv,build/coherent/rtl_litmus_traces/mp_fence_20_events.csv,build/coherent/rtl_litmus_traces/mp_fence_20_enriched.jsonl
MP_FENCE,message_passing,true,21,48100,10,0,0,1,"0,1",2,PASS,none,109,0,1,build/coherent/rtl_litmus_traces/mp_fence_21_rvfi.csv,build/coherent/rtl_litmus_traces/mp_fence_21_events.csv,build/coherent/rtl_litmus_traces/mp_fence_21_enriched.jsonl
MP_FENCE,message_passing,true,22,48231,25,0,0,1,"0,1",2,PASS,none,116,0,4,build/coherent/rtl_litmus_traces/mp_fence_22_rvfi.csv,build/coherent/rtl_litmus_traces/mp_fence_22_events.csv,build/coherent/rtl_litmus_traces/mp_fence_22_enriched.jsonl
MP_FENCE,message_passing,true,23,48362,40,0,0,1,"0,1",2,PASS,none,141,0,15,build/coherent/rtl_litmus_traces/mp_fence_23_rvfi.csv,build/coherent/rtl_litmus_traces/mp_fence_23_events.csv,build/coherent/rtl_litmus_traces/mp_fence_23_enriched.jsonl
MP_FENCE,message_passing,true,24,48493,55,0,0,1,"0,1",2,PASS,none,155,0,6,build/coherent/rtl_litmus_traces/mp_fence_24_rvfi.csv,build/coherent/rtl_litmus_traces/mp_fence_24_events.csv,build/coherent/rtl_litmus_traces/mp_fence_24_enriched.jsonl
LB,load_buffering,false,0,49448,0,0,0,0,"0,0",4,PASS,none,102,0,9,build/coherent/rtl_litmus_traces/lb_00_rvfi.csv,build/coherent/rtl_litmus_traces/lb_00_events.csv,build/coherent/rtl_litmus_traces/lb_00_enriched.jsonl
LB,load_buffering,false,1,49579,10,0,0,0,"0,0",4,PASS,none,104,0,10,build/coherent/rtl_litmus_traces/lb_01_rvfi.csv,build/coherent/rtl_litmus_traces/lb_01_events.csv,build/coherent/rtl_litmus_traces/lb_01_enriched.jsonl
LB,load_buffering,false,2,49710,25,0,0,0,"0,0",4,PASS,none,106,0,8,build/coherent/rtl_litmus_traces/lb_02_rvfi.csv,build/coherent/rtl_litmus_traces/lb_02_events.csv,build/coherent/rtl_litmus_traces/lb_02_enriched.jsonl
LB,load_buffering,false,3,49841,40,0,0,0,"0,0",4,PASS,none,118,0,12,build/coherent/rtl_litmus_traces/lb_03_rvfi.csv,build/coherent/rtl_litmus_traces/lb_03_events.csv,build/coherent/rtl_litmus_traces/lb_03_enriched.jsonl
LB,load_buffering,false,4,49972,55,0,0,0,"0,0",4,PASS,none,140,0,8,build/coherent/rtl_litmus_traces/lb_04_rvfi.csv,build/coherent/rtl_litmus_traces/lb_04_events.csv,build/coherent/rtl_litmus_traces/lb_04_enriched.jsonl
LB,load_buffering,false,5,50103,0,25,0,0,"0,0",4,PASS,none,108,0,19,build/coherent/rtl_litmus_traces/lb_05_rvfi.csv,build/coherent/rtl_litmus_traces/lb_05_events.csv,build/coherent/rtl_litmus_traces/lb_05_enriched.jsonl
LB,load_buffering,false,6,50234,10,25,0,0,"0,0",4,PASS,none,110,0,9,build/coherent/rtl_litmus_traces/lb_06_rvfi.csv,build/coherent/rtl_litmus_traces/lb_06_events.csv,build/coherent/rtl_litmus_traces/lb_06_enriched.jsonl
LB,load_buffering,false,7,50365,25,25,0,0,"0,0",4,PASS,none,126,0,15,build/coherent/rtl_litmus_traces/lb_07_rvfi.csv,build/coherent/rtl_litmus_traces/lb_07_events.csv,build/coherent/rtl_litmus_traces/lb_07_enriched.jsonl
LB,load_buffering,false,8,50496,40,25,0,0,"0,0",4,PASS,none,118,0,13,build/coherent/rtl_litmus_traces/lb_08_rvfi.csv,build/coherent/rtl_litmus_traces/lb_08_events.csv,build/coherent/rtl_litmus_traces/lb_08_enriched.jsonl
LB,load_buffering,false,9,50627,55,25,0,0,"0,0",4,PASS,none,139,0,12,build/coherent/rtl_litmus_traces/lb_09_rvfi.csv,build/coherent/rtl_litmus_traces/lb_09_events.csv,build/coherent/rtl_litmus_traces/lb_09_enriched.jsonl
LB,load_buffering,false,10,50758,0,50,0,0,"0,0",4,PASS,none,108,0,19,build/coherent/rtl_litmus_traces/lb_10_rvfi.csv,build/coherent/rtl_litmus_traces/lb_10_events.csv,build/coherent/rtl_litmus_traces/lb_10_enriched.jsonl
LB,load_buffering,false,11,50889,10,50,0,0,"0,0",4,PASS,none,106,0,28,build/coherent/rtl_litmus_traces/lb_11_rvfi.csv,build/coherent/rtl_litmus_traces/lb_11_events.csv,build/coherent/rtl_litmus_traces/lb_11_enriched.jsonl
LB,load_buffering,false,12,51020,25,50,0,0,"0,0",4,PASS,none,104,0,19,build/coherent/rtl_litmus_traces/lb_12_rvfi.csv,build/coherent/rtl_litmus_traces/lb_12_events.csv,build/coherent/rtl_litmus_traces/lb_12_enriched.jsonl
LB,load_buffering,false,13,51151,40,50,0,0,"0,0",4,PASS,none,123,0,36,build/coherent/rtl_litmus_traces/lb_13_rvfi.csv,build/coherent/rtl_litmus_traces/lb_13_events.csv,build/coherent/rtl_litmus_traces/lb_13_enriched.jsonl
LB,load_buffering,false,14,51282,55,50,0,0,"0,0",4,PASS,none,133,0,23,build/coherent/rtl_litmus_traces/lb_14_rvfi.csv,build/coherent/rtl_litmus_traces/lb_14_events.csv,build/coherent/rtl_litmus_traces/lb_14_enriched.jsonl
LB,load_buffering,false,15,51413,0,75,0,0,"0,0",4,PASS,none,122,0,67,build/coherent/rtl_litmus_traces/lb_15_rvfi.csv,build/coherent/rtl_litmus_traces/lb_15_events.csv,build/coherent/rtl_litmus_traces/lb_15_enriched.jsonl
LB,load_buffering,false,16,51544,10,75,0,0,"0,0",4,PASS,none,121,0,59,build/coherent/rtl_litmus_traces/lb_16_rvfi.csv,build/coherent/rtl_litmus_traces/lb_16_events.csv,build/coherent/rtl_litmus_traces/lb_16_enriched.jsonl
LB,load_buffering,false,17,51675,25,75,0,0,"0,0",4,PASS,none,130,0,65,build/coherent/rtl_litmus_traces/lb_17_rvfi.csv,build/coherent/rtl_litmus_traces/lb_17_events.csv,build/coherent/rtl_litmus_traces/lb_17_enriched.jsonl
LB,load_buffering,false,18,51806,40,75,0,0,"0,0",4,PASS,none,131,0,65,build/coherent/rtl_litmus_traces/lb_18_rvfi.csv,build/coherent/rtl_litmus_traces/lb_18_events.csv,build/coherent/rtl_litmus_traces/lb_18_enriched.jsonl
LB,load_buffering,false,19,51937,55,75,0,0,"0,0",4,PASS,none,165,0,122,build/coherent/rtl_litmus_traces/lb_19_rvfi.csv,build/coherent/rtl_litmus_traces/lb_19_events.csv,build/coherent/rtl_litmus_traces/lb_19_enriched.jsonl
LB,load_buffering,false,20,52068,0,0,0,0,"0,0",4,PASS,none,102,0,9,build/coherent/rtl_litmus_traces/lb_20_rvfi.csv,build/coherent/rtl_litmus_traces/lb_20_events.csv,build/coherent/rtl_litmus_traces/lb_20_enriched.jsonl
LB,load_buffering,false,21,52199,10,0,0,0,"0,0",4,PASS,none,104,0,9,build/coherent/rtl_litmus_traces/lb_21_rvfi.csv,build/coherent/rtl_litmus_traces/lb_21_events.csv,build/coherent/rtl_litmus_traces/lb_21_enriched.jsonl
LB,load_buffering,false,22,52330,25,0,0,0,"0,0",4,PASS,none,111,0,2,build/coherent/rtl_litmus_traces/lb_22_rvfi.csv,build/coherent/rtl_litmus_traces/lb_22_events.csv,build/coherent/rtl_litmus_traces/lb_22_enriched.jsonl
LB,load_buffering,false,23,52461,40,0,0,0,"0,0",4,PASS,none,117,0,5,build/coherent/rtl_litmus_traces/lb_23_rvfi.csv,build/coherent/rtl_litmus_traces/lb_23_events.csv,build/coherent/rtl_litmus_traces/lb_23_enriched.jsonl
LB,load_buffering,false,24,52592,55,0,0,0,"0,0",4,PASS,none,143,0,7,build/coherent/rtl_litmus_traces/lb_24_rvfi.csv,build/coherent/rtl_litmus_traces/lb_24_events.csv,build/coherent/rtl_litmus_traces/lb_24_enriched.jsonl
LB_FENCE,load_buffering,true,0,53547,0,0,0,0,"0,0",3,PASS,none,105,0,11,build/coherent/rtl_litmus_traces/lb_fence_00_rvfi.csv,build/coherent/rtl_litmus_traces/lb_fence_00_events.csv,build/coherent/rtl_litmus_traces/lb_fence_00_enriched.jsonl
LB_FENCE,load_buffering,true,1,53678,10,0,0,0,"0,0",3,PASS,none,110,0,6,build/coherent/rtl_litmus_traces/lb_fence_01_rvfi.csv,build/coherent/rtl_litmus_traces/lb_fence_01_events.csv,build/coherent/rtl_litmus_traces/lb_fence_01_enriched.jsonl
LB_FENCE,load_buffering,true,2,53809,25,0,0,0,"0,0",3,PASS,none,111,0,9,build/coherent/rtl_litmus_traces/lb_fence_02_rvfi.csv,build/coherent/rtl_litmus_traces/lb_fence_02_events.csv,build/coherent/rtl_litmus_traces/lb_fence_02_enriched.jsonl
LB_FENCE,load_buffering,true,3,53940,40,0,0,0,"0,0",3,PASS,none,128,0,9,build/coherent/rtl_litmus_traces/lb_fence_03_rvfi.csv,build/coherent/rtl_litmus_traces/lb_fence_03_events.csv,build/coherent/rtl_litmus_traces/lb_fence_03_enriched.jsonl
LB_FENCE,load_buffering,true,4,54071,55,0,0,0,"0,0",3,PASS,none,140,0,6,build/coherent/rtl_litmus_traces/lb_fence_04_rvfi.csv,build/coherent/rtl_litmus_traces/lb_fence_04_events.csv,build/coherent/rtl_litmus_traces/lb_fence_04_enriched.jsonl
LB_FENCE,load_buffering,true,5,54202,0,25,0,0,"0,0",3,PASS,none,109,0,19,build/coherent/rtl_litmus_traces/lb_fence_05_rvfi.csv,build/coherent/rtl_litmus_traces/lb_fence_05_events.csv,build/coherent/rtl_litmus_traces/lb_fence_05_enriched.jsonl
LB_FENCE,load_buffering,true,6,54333,10,25,0,0,"0,0",3,PASS,none,111,0,12,build/coherent/rtl_litmus_traces/lb_fence_06_rvfi.csv,build/coherent/rtl_litmus_traces/lb_fence_06_events.csv,build/coherent/rtl_litmus_traces/lb_fence_06_enriched.jsonl
LB_FENCE,load_buffering,true,7,54464,25,25,0,0,"0,0",3,PASS,none,110,0,11,build/coherent/rtl_litmus_traces/lb_fence_07_rvfi.csv,build/coherent/rtl_litmus_traces/lb_fence_07_events.csv,build/coherent/rtl_litmus_traces/lb_fence_07_enriched.jsonl
LB_FENCE,load_buffering,true,8,54595,40,25,0,0,"0,0",3,PASS,none,129,0,18,build/coherent/rtl_litmus_traces/lb_fence_08_rvfi.csv,build/coherent/rtl_litmus_traces/lb_fence_08_events.csv,build/coherent/rtl_litmus_traces/lb_fence_08_enriched.jsonl
LB_FENCE,load_buffering,true,9,54726,55,25,0,0,"0,0",3,PASS,none,144,0,8,build/coherent/rtl_litmus_traces/lb_fence_09_rvfi.csv,build/coherent/rtl_litmus_traces/lb_fence_09_events.csv,build/coherent/rtl_litmus_traces/lb_fence_09_enriched.jsonl
LB_FENCE,load_buffering,true,10,54857,0,50,0,0,"0,0",3,PASS,none,109,0,23,build/coherent/rtl_litmus_traces/lb_fence_10_rvfi.csv,build/coherent/rtl_litmus_traces/lb_fence_10_events.csv,build/coherent/rtl_litmus_traces/lb_fence_10_enriched.jsonl
LB_FENCE,load_buffering,true,11,54988,10,50,0,0,"0,0",3,PASS,none,122,0,31,build/coherent/rtl_litmus_traces/lb_fence_11_rvfi.csv,build/coherent/rtl_litmus_traces/lb_fence_11_events.csv,build/coherent/rtl_litmus_traces/lb_fence_11_enriched.jsonl
LB_FENCE,load_buffering,true,12,55119,25,50,0,0,"0,0",3,PASS,none,119,0,25,build/coherent/rtl_litmus_traces/lb_fence_12_rvfi.csv,build/coherent/rtl_litmus_traces/lb_fence_12_events.csv,build/coherent/rtl_litmus_traces/lb_fence_12_enriched.jsonl
LB_FENCE,load_buffering,true,13,55250,40,50,0,0,"0,0",3,PASS,none,121,0,20,build/coherent/rtl_litmus_traces/lb_fence_13_rvfi.csv,build/coherent/rtl_litmus_traces/lb_fence_13_events.csv,build/coherent/rtl_litmus_traces/lb_fence_13_enriched.jsonl
LB_FENCE,load_buffering,true,14,55381,55,50,0,0,"0,0",3,PASS,none,150,0,29,build/coherent/rtl_litmus_traces/lb_fence_14_rvfi.csv,build/coherent/rtl_litmus_traces/lb_fence_14_events.csv,build/coherent/rtl_litmus_traces/lb_fence_14_enriched.jsonl
LB_FENCE,load_buffering,true,15,55512,0,75,0,0,"0,0",3,PASS,none,133,0,82,build/coherent/rtl_litmus_traces/lb_fence_15_rvfi.csv,build/coherent/rtl_litmus_traces/lb_fence_15_events.csv,build/coherent/rtl_litmus_traces/lb_fence_15_enriched.jsonl
LB_FENCE,load_buffering,true,16,55643,10,75,0,0,"0,0",3,PASS,none,147,0,89,build/coherent/rtl_litmus_traces/lb_fence_16_rvfi.csv,build/coherent/rtl_litmus_traces/lb_fence_16_events.csv,build/coherent/rtl_litmus_traces/lb_fence_16_enriched.jsonl
LB_FENCE,load_buffering,true,17,55774,25,75,0,0,"0,0",3,PASS,none,110,0,9,build/coherent/rtl_litmus_traces/lb_fence_17_rvfi.csv,build/coherent/rtl_litmus_traces/lb_fence_17_events.csv,build/coherent/rtl_litmus_traces/lb_fence_17_enriched.jsonl
LB_FENCE,load_buffering,true,18,55905,40,75,0,0,"0,0",3,PASS,none,178,0,137,build/coherent/rtl_litmus_traces/lb_fence_18_rvfi.csv,build/coherent/rtl_litmus_traces/lb_fence_18_events.csv,build/coherent/rtl_litmus_traces/lb_fence_18_enriched.jsonl
LB_FENCE,load_buffering,true,19,56036,55,75,0,0,"0,0",3,PASS,none,157,0,48,build/coherent/rtl_litmus_traces/lb_fence_19_rvfi.csv,build/coherent/rtl_litmus_traces/lb_fence_19_events.csv,build/coherent/rtl_litmus_traces/lb_fence_19_enriched.jsonl
LB_FENCE,load_buffering,true,20,56167,0,0,0,0,"0,0",3,PASS,none,105,0,11,build/coherent/rtl_litmus_traces/lb_fence_20_rvfi.csv,build/coherent/rtl_litmus_traces/lb_fence_20_events.csv,build/coherent/rtl_litmus_traces/lb_fence_20_enriched.jsonl
LB_FENCE,load_buffering,true,21,56298,10,0,0,0,"0,0",3,PASS,none,109,0,6,build/coherent/rtl_litmus_traces/lb_fence_21_rvfi.csv,build/coherent/rtl_litmus_traces/lb_fence_21_events.csv,build/coherent/rtl_litmus_traces/lb_fence_21_enriched.jsonl
LB_FENCE,load_buffering,true,22,56429,25,0,0,0,"0,0",3,PASS,none,114,0,5,build/coherent/rtl_litmus_traces/lb_fence_22_rvfi.csv,build/coherent/rtl_litmus_traces/lb_fence_22_events.csv,build/coherent/rtl_litmus_traces/lb_fence_22_enriched.jsonl
LB_FENCE,load_buffering,true,23,56560,40,0,0,0,"0,0",3,PASS,none,121,0,6,build/coherent/rtl_litmus_traces/lb_fence_23_rvfi.csv,build/coherent/rtl_litmus_traces/lb_fence_23_events.csv,build/coherent/rtl_litmus_traces/lb_fence_23_enriched.jsonl
LB_FENCE,load_buffering,true,24,56691,55,0,0,0,"0,0",3,PASS,none,136,0,10,build/coherent/rtl_litmus_traces/lb_fence_24_rvfi.csv,build/coherent/rtl_litmus_traces/lb_fence_24_events.csv,build/coherent/rtl_litmus_traces/lb_fence_24_enriched.jsonl
RW,read_write,false,0,57646,0,0,0,0,"0,0",4,PASS,none,100,0,2,build/coherent/rtl_litmus_traces/rw_00_rvfi.csv,build/coherent/rtl_litmus_traces/rw_00_events.csv,build/coherent/rtl_litmus_traces/rw_00_enriched.jsonl
RW,read_write,false,1,57777,10,0,0,0,"0,0",4,PASS,none,102,0,2,build/coherent/rtl_litmus_traces/rw_01_rvfi.csv,build/coherent/rtl_litmus_traces/rw_01_events.csv,build/coherent/rtl_litmus_traces/rw_01_enriched.jsonl
RW,read_write,false,2,57908,25,0,0,0,"0,0",4,PASS,none,111,0,2,build/coherent/rtl_litmus_traces/rw_02_rvfi.csv,build/coherent/rtl_litmus_traces/rw_02_events.csv,build/coherent/rtl_litmus_traces/rw_02_enriched.jsonl
RW,read_write,false,3,58039,40,0,0,0,"0,0",4,PASS,none,111,0,2,build/coherent/rtl_litmus_traces/rw_03_rvfi.csv,build/coherent/rtl_litmus_traces/rw_03_events.csv,build/coherent/rtl_litmus_traces/rw_03_enriched.jsonl
RW,read_write,false,4,58170,55,0,0,0,"0,0",4,PASS,none,143,0,3,build/coherent/rtl_litmus_traces/rw_04_rvfi.csv,build/coherent/rtl_litmus_traces/rw_04_events.csv,build/coherent/rtl_litmus_traces/rw_04_enriched.jsonl
RW,read_write,false,5,58301,0,25,0,0,"0,0",4,PASS,none,105,0,10,build/coherent/rtl_litmus_traces/rw_05_rvfi.csv,build/coherent/rtl_litmus_traces/rw_05_events.csv,build/coherent/rtl_litmus_traces/rw_05_enriched.jsonl
RW,read_write,false,6,58432,10,25,0,0,"0,0",4,PASS,none,107,0,3,build/coherent/rtl_litmus_traces/rw_06_rvfi.csv,build/coherent/rtl_litmus_traces/rw_06_events.csv,build/coherent/rtl_litmus_traces/rw_06_enriched.jsonl
RW,read_write,false,7,58563,25,25,0,0,"0,0",4,PASS,none,112,0,3,build/coherent/rtl_litmus_traces/rw_07_rvfi.csv,build/coherent/rtl_litmus_traces/rw_07_events.csv,build/coherent/rtl_litmus_traces/rw_07_enriched.jsonl
RW,read_write,false,8,58694,40,25,0,0,"0,0",4,PASS,none,120,0,2,build/coherent/rtl_litmus_traces/rw_08_rvfi.csv,build/coherent/rtl_litmus_traces/rw_08_events.csv,build/coherent/rtl_litmus_traces/rw_08_enriched.jsonl
RW,read_write,false,9,58825,55,25,0,0,"0,0",4,PASS,none,137,0,3,build/coherent/rtl_litmus_traces/rw_09_rvfi.csv,build/coherent/rtl_litmus_traces/rw_09_events.csv,build/coherent/rtl_litmus_traces/rw_09_enriched.jsonl
RW,read_write,false,10,58956,0,50,0,1,"0,1",4,PASS,none,122,0,26,build/coherent/rtl_litmus_traces/rw_10_rvfi.csv,build/coherent/rtl_litmus_traces/rw_10_events.csv,build/coherent/rtl_litmus_traces/rw_10_enriched.jsonl
RW,read_write,false,11,59087,10,50,0,0,"0,0",4,PASS,none,108,0,9,build/coherent/rtl_litmus_traces/rw_11_rvfi.csv,build/coherent/rtl_litmus_traces/rw_11_events.csv,build/coherent/rtl_litmus_traces/rw_11_enriched.jsonl
RW,read_write,false,12,59218,25,50,0,0,"0,0",4,PASS,none,113,0,6,build/coherent/rtl_litmus_traces/rw_12_rvfi.csv,build/coherent/rtl_litmus_traces/rw_12_events.csv,build/coherent/rtl_litmus_traces/rw_12_enriched.jsonl
RW,read_write,false,13,59349,40,50,0,0,"0,0",4,PASS,none,123,0,22,build/coherent/rtl_litmus_traces/rw_13_rvfi.csv,build/coherent/rtl_litmus_traces/rw_13_events.csv,build/coherent/rtl_litmus_traces/rw_13_enriched.jsonl
RW,read_write,false,14,59480,55,50,0,0,"0,0",4,PASS,none,138,0,9,build/coherent/rtl_litmus_traces/rw_14_rvfi.csv,build/coherent/rtl_litmus_traces/rw_14_events.csv,build/coherent/rtl_litmus_traces/rw_14_enriched.jsonl
RW,read_write,false,15,59611,0,75,0,0,"0,0",4,PASS,none,113,0,27,build/coherent/rtl_litmus_traces/rw_15_rvfi.csv,build/coherent/rtl_litmus_traces/rw_15_events.csv,build/coherent/rtl_litmus_traces/rw_15_enriched.jsonl
RW,read_write,false,16,59742,10,75,0,1,"0,1",4,PASS,none,144,0,50,build/coherent/rtl_litmus_traces/rw_16_rvfi.csv,build/coherent/rtl_litmus_traces/rw_16_events.csv,build/coherent/rtl_litmus_traces/rw_16_enriched.jsonl
RW,read_write,false,17,59873,25,75,1,0,"1,0",4,PASS,none,129,0,58,build/coherent/rtl_litmus_traces/rw_17_rvfi.csv,build/coherent/rtl_litmus_traces/rw_17_events.csv,build/coherent/rtl_litmus_traces/rw_17_enriched.jsonl
RW,read_write,false,18,60004,40,75,0,0,"0,0",4,PASS,none,147,0,49,build/coherent/rtl_litmus_traces/rw_18_rvfi.csv,build/coherent/rtl_litmus_traces/rw_18_events.csv,build/coherent/rtl_litmus_traces/rw_18_enriched.jsonl
RW,read_write,false,19,60135,55,75,1,0,"1,0",4,PASS,none,160,0,68,build/coherent/rtl_litmus_traces/rw_19_rvfi.csv,build/coherent/rtl_litmus_traces/rw_19_events.csv,build/coherent/rtl_litmus_traces/rw_19_enriched.jsonl
RW,read_write,false,20,60266,0,0,0,0,"0,0",4,PASS,none,100,0,2,build/coherent/rtl_litmus_traces/rw_20_rvfi.csv,build/coherent/rtl_litmus_traces/rw_20_events.csv,build/coherent/rtl_litmus_traces/rw_20_enriched.jsonl
RW,read_write,false,21,60397,10,0,0,0,"0,0",4,PASS,none,103,0,2,build/coherent/rtl_litmus_traces/rw_21_rvfi.csv,build/coherent/rtl_litmus_traces/rw_21_events.csv,build/coherent/rtl_litmus_traces/rw_21_enriched.jsonl
RW,read_write,false,22,60528,25,0,0,0,"0,0",4,PASS,none,111,0,1,build/coherent/rtl_litmus_traces/rw_22_rvfi.csv,build/coherent/rtl_litmus_traces/rw_22_events.csv,build/coherent/rtl_litmus_traces/rw_22_enriched.jsonl
RW,read_write,false,23,60659,40,0,0,0,"0,0",4,PASS,none,116,0,1,build/coherent/rtl_litmus_traces/rw_23_rvfi.csv,build/coherent/rtl_litmus_traces/rw_23_events.csv,build/coherent/rtl_litmus_traces/rw_23_enriched.jsonl
RW,read_write,false,24,60790,55,0,0,0,"0,0",4,PASS,none,132,0,3,build/coherent/rtl_litmus_traces/rw_24_rvfi.csv,build/coherent/rtl_litmus_traces/rw_24_events.csv,build/coherent/rtl_litmus_traces/rw_24_enriched.jsonl
RW_FENCE,read_write,true,0,61745,0,0,0,0,"0,0",4,PASS,none,110,0,4,build/coherent/rtl_litmus_traces/rw_fence_00_rvfi.csv,build/coherent/rtl_litmus_traces/rw_fence_00_events.csv,build/coherent/rtl_litmus_traces/rw_fence_00_enriched.jsonl
RW_FENCE,read_write,true,1,61876,10,0,0,0,"0,0",4,PASS,none,110,0,1,build/coherent/rtl_litmus_traces/rw_fence_01_rvfi.csv,build/coherent/rtl_litmus_traces/rw_fence_01_events.csv,build/coherent/rtl_litmus_traces/rw_fence_01_enriched.jsonl
RW_FENCE,read_write,true,2,62007,25,0,0,0,"0,0",4,PASS,none,114,0,3,build/coherent/rtl_litmus_traces/rw_fence_02_rvfi.csv,build/coherent/rtl_litmus_traces/rw_fence_02_events.csv,build/coherent/rtl_litmus_traces/rw_fence_02_enriched.jsonl
RW_FENCE,read_write,true,3,62138,40,0,0,0,"0,0",4,PASS,none,129,0,5,build/coherent/rtl_litmus_traces/rw_fence_03_rvfi.csv,build/coherent/rtl_litmus_traces/rw_fence_03_events.csv,build/coherent/rtl_litmus_traces/rw_fence_03_enriched.jsonl
RW_FENCE,read_write,true,4,62269,55,0,0,0,"0,0",4,PASS,none,146,0,3,build/coherent/rtl_litmus_traces/rw_fence_04_rvfi.csv,build/coherent/rtl_litmus_traces/rw_fence_04_events.csv,build/coherent/rtl_litmus_traces/rw_fence_04_enriched.jsonl
RW_FENCE,read_write,true,5,62400,0,25,0,0,"0,0",4,PASS,none,112,0,10,build/coherent/rtl_litmus_traces/rw_fence_05_rvfi.csv,build/coherent/rtl_litmus_traces/rw_fence_05_events.csv,build/coherent/rtl_litmus_traces/rw_fence_05_enriched.jsonl
RW_FENCE,read_write,true,6,62531,10,25,0,0,"0,0",4,PASS,none,113,0,3,build/coherent/rtl_litmus_traces/rw_fence_06_rvfi.csv,build/coherent/rtl_litmus_traces/rw_fence_06_events.csv,build/coherent/rtl_litmus_traces/rw_fence_06_enriched.jsonl
RW_FENCE,read_write,true,7,62662,25,25,0,0,"0,0",4,PASS,none,127,0,10,build/coherent/rtl_litmus_traces/rw_fence_07_rvfi.csv,build/coherent/rtl_litmus_traces/rw_fence_07_events.csv,build/coherent/rtl_litmus_traces/rw_fence_07_enriched.jsonl
RW_FENCE,read_write,true,8,62793,40,25,0,0,"0,0",4,PASS,none,131,0,3,build/coherent/rtl_litmus_traces/rw_fence_08_rvfi.csv,build/coherent/rtl_litmus_traces/rw_fence_08_events.csv,build/coherent/rtl_litmus_traces/rw_fence_08_enriched.jsonl
RW_FENCE,read_write,true,9,62924,55,25,1,0,"1,0",4,PASS,none,163,0,16,build/coherent/rtl_litmus_traces/rw_fence_09_rvfi.csv,build/coherent/rtl_litmus_traces/rw_fence_09_events.csv,build/coherent/rtl_litmus_traces/rw_fence_09_enriched.jsonl
RW_FENCE,read_write,true,10,63055,0,50,0,0,"0,0",4,PASS,none,116,0,22,build/coherent/rtl_litmus_traces/rw_fence_10_rvfi.csv,build/coherent/rtl_litmus_traces/rw_fence_10_events.csv,build/coherent/rtl_litmus_traces/rw_fence_10_enriched.jsonl
RW_FENCE,read_write,true,11,63186,10,50,0,1,"0,1",4,PASS,none,127,0,14,build/coherent/rtl_litmus_traces/rw_fence_11_rvfi.csv,build/coherent/rtl_litmus_traces/rw_fence_11_events.csv,build/coherent/rtl_litmus_traces/rw_fence_11_enriched.jsonl
RW_FENCE,read_write,true,12,63317,25,50,0,1,"0,1",4,PASS,none,137,0,22,build/coherent/rtl_litmus_traces/rw_fence_12_rvfi.csv,build/coherent/rtl_litmus_traces/rw_fence_12_events.csv,build/coherent/rtl_litmus_traces/rw_fence_12_enriched.jsonl
RW_FENCE,read_write,true,13,63448,40,50,0,0,"0,0",4,PASS,none,127,0,13,build/coherent/rtl_litmus_traces/rw_fence_13_rvfi.csv,build/coherent/rtl_litmus_traces/rw_fence_13_events.csv,build/coherent/rtl_litmus_traces/rw_fence_13_enriched.jsonl
RW_FENCE,read_write,true,14,63579,55,50,0,1,"0,1",4,PASS,none,145,0,24,build/coherent/rtl_litmus_traces/rw_fence_14_rvfi.csv,build/coherent/rtl_litmus_traces/rw_fence_14_events.csv,build/coherent/rtl_litmus_traces/rw_fence_14_enriched.jsonl
RW_FENCE,read_write,true,15,63710,0,75,1,0,"1,0",4,PASS,none,122,0,46,build/coherent/rtl_litmus_traces/rw_fence_15_rvfi.csv,build/coherent/rtl_litmus_traces/rw_fence_15_events.csv,build/coherent/rtl_litmus_traces/rw_fence_15_enriched.jsonl
RW_FENCE,read_write,true,16,63841,10,75,0,1,"0,1",4,PASS,none,132,0,32,build/coherent/rtl_litmus_traces/rw_fence_16_rvfi.csv,build/coherent/rtl_litmus_traces/rw_fence_16_events.csv,build/coherent/rtl_litmus_traces/rw_fence_16_enriched.jsonl
RW_FENCE,read_write,true,17,63972,25,75,0,0,"0,0",4,PASS,none,131,0,63,build/coherent/rtl_litmus_traces/rw_fence_17_rvfi.csv,build/coherent/rtl_litmus_traces/rw_fence_17_events.csv,build/coherent/rtl_litmus_traces/rw_fence_17_enriched.jsonl
RW_FENCE,read_write,true,18,64103,40,75,1,0,"1,0",4,PASS,none,137,0,38,build/coherent/rtl_litmus_traces/rw_fence_18_rvfi.csv,build/coherent/rtl_litmus_traces/rw_fence_18_events.csv,build/coherent/rtl_litmus_traces/rw_fence_18_enriched.jsonl
RW_FENCE,read_write,true,19,64234,55,75,0,0,"0,0",4,PASS,none,183,0,51,build/coherent/rtl_litmus_traces/rw_fence_19_rvfi.csv,build/coherent/rtl_litmus_traces/rw_fence_19_events.csv,build/coherent/rtl_litmus_traces/rw_fence_19_enriched.jsonl
RW_FENCE,read_write,true,20,64365,0,0,0,0,"0,0",4,PASS,none,110,0,4,build/coherent/rtl_litmus_traces/rw_fence_20_rvfi.csv,build/coherent/rtl_litmus_traces/rw_fence_20_events.csv,build/coherent/rtl_litmus_traces/rw_fence_20_enriched.jsonl
RW_FENCE,read_write,true,21,64496,10,0,0,0,"0,0",4,PASS,none,111,0,4,build/coherent/rtl_litmus_traces/rw_fence_21_rvfi.csv,build/coherent/rtl_litmus_traces/rw_fence_21_events.csv,build/coherent/rtl_litmus_traces/rw_fence_21_enriched.jsonl
RW_FENCE,read_write,true,22,64627,25,0,0,0,"0,0",4,PASS,none,119,0,4,build/coherent/rtl_litmus_traces/rw_fence_22_rvfi.csv,build/coherent/rtl_litmus_traces/rw_fence_22_events.csv,build/coherent/rtl_litmus_traces/rw_fence_22_enriched.jsonl
RW_FENCE,read_write,true,23,64758,40,0,0,1,"0,1",4,PASS,none,135,0,7,build/coherent/rtl_litmus_traces/rw_fence_23_rvfi.csv,build/coherent/rtl_litmus_traces/rw_fence_23_events.csv,build/coherent/rtl_litmus_traces/rw_fence_23_enriched.jsonl
RW_FENCE,read_write,true,24,64889,55,0,0,0,"0,0",4,PASS,none,161,0,1,build/coherent/rtl_litmus_traces/rw_fence_24_rvfi.csv,build/coherent/rtl_litmus_traces/rw_fence_24_events.csv,build/coherent/rtl_litmus_traces/rw_fence_24_enriched.jsonl
WR,write_read,false,0,65844,0,0,1,1,"1,1",2,PASS,none,82,0,9,build/coherent/rtl_litmus_traces/wr_00_rvfi.csv,build/coherent/rtl_litmus_traces/wr_00_events.csv,build/coherent/rtl_litmus_traces/wr_00_enriched.jsonl
WR,write_read,false,1,65975,10,0,1,1,"1,1",2,PASS,none,83,0,8,build/coherent/rtl_litmus_traces/wr_01_rvfi.csv,build/coherent/rtl_litmus_traces/wr_01_events.csv,build/coherent/rtl_litmus_traces/wr_01_enriched.jsonl
WR,write_read,false,2,66106,25,0,1,1,"1,1",2,PASS,none,99,0,6,build/coherent/rtl_litmus_traces/wr_02_rvfi.csv,build/coherent/rtl_litmus_traces/wr_02_events.csv,build/coherent/rtl_litmus_traces/wr_02_enriched.jsonl
WR,write_read,false,3,66237,40,0,1,1,"1,1",2,PASS,none,100,0,2,build/coherent/rtl_litmus_traces/wr_03_rvfi.csv,build/coherent/rtl_litmus_traces/wr_03_events.csv,build/coherent/rtl_litmus_traces/wr_03_enriched.jsonl
WR,write_read,false,4,66368,55,0,1,1,"1,1",2,PASS,none,150,0,5,build/coherent/rtl_litmus_traces/wr_04_rvfi.csv,build/coherent/rtl_litmus_traces/wr_04_events.csv,build/coherent/rtl_litmus_traces/wr_04_enriched.jsonl
WR,write_read,false,5,66499,0,25,1,1,"1,1",2,PASS,none,82,0,16,build/coherent/rtl_litmus_traces/wr_05_rvfi.csv,build/coherent/rtl_litmus_traces/wr_05_events.csv,build/coherent/rtl_litmus_traces/wr_05_enriched.jsonl
WR,write_read,false,6,66630,10,25,1,1,"1,1",2,PASS,none,87,0,11,build/coherent/rtl_litmus_traces/wr_06_rvfi.csv,build/coherent/rtl_litmus_traces/wr_06_events.csv,build/coherent/rtl_litmus_traces/wr_06_enriched.jsonl
WR,write_read,false,7,66761,25,25,1,1,"1,1",2,PASS,none,99,0,9,build/coherent/rtl_litmus_traces/wr_07_rvfi.csv,build/coherent/rtl_litmus_traces/wr_07_events.csv,build/coherent/rtl_litmus_traces/wr_07_enriched.jsonl
WR,write_read,false,8,66892,40,25,1,1,"1,1",2,PASS,none,101,0,24,build/coherent/rtl_litmus_traces/wr_08_rvfi.csv,build/coherent/rtl_litmus_traces/wr_08_events.csv,build/coherent/rtl_litmus_traces/wr_08_enriched.jsonl
WR,write_read,false,9,67023,55,25,1,1,"1,1",2,PASS,none,106,0,11,build/coherent/rtl_litmus_traces/wr_09_rvfi.csv,build/coherent/rtl_litmus_traces/wr_09_events.csv,build/coherent/rtl_litmus_traces/wr_09_enriched.jsonl
WR,write_read,false,10,67154,0,50,1,1,"1,1",2,PASS,none,82,0,29,build/coherent/rtl_litmus_traces/wr_10_rvfi.csv,build/coherent/rtl_litmus_traces/wr_10_events.csv,build/coherent/rtl_litmus_traces/wr_10_enriched.jsonl
WR,write_read,false,11,67285,10,50,1,1,"1,1",2,PASS,none,85,0,18,build/coherent/rtl_litmus_traces/wr_11_rvfi.csv,build/coherent/rtl_litmus_traces/wr_11_events.csv,build/coherent/rtl_litmus_traces/wr_11_enriched.jsonl
WR,write_read,false,12,67416,25,50,1,1,"1,1",2,PASS,none,91,0,10,build/coherent/rtl_litmus_traces/wr_12_rvfi.csv,build/coherent/rtl_litmus_traces/wr_12_events.csv,build/coherent/rtl_litmus_traces/wr_12_enriched.jsonl
WR,write_read,false,13,67547,40,50,1,1,"1,1",2,PASS,none,98,0,42,build/coherent/rtl_litmus_traces/wr_13_rvfi.csv,build/coherent/rtl_litmus_traces/wr_13_events.csv,build/coherent/rtl_litmus_traces/wr_13_enriched.jsonl
WR,write_read,false,14,67678,55,50,1,1,"1,1",2,PASS,none,117,0,10,build/coherent/rtl_litmus_traces/wr_14_rvfi.csv,build/coherent/rtl_litmus_traces/wr_14_events.csv,build/coherent/rtl_litmus_traces/wr_14_enriched.jsonl
WR,write_read,false,15,67809,0,75,1,1,"1,1",2,PASS,none,82,0,35,build/coherent/rtl_litmus_traces/wr_15_rvfi.csv,build/coherent/rtl_litmus_traces/wr_15_events.csv,build/coherent/rtl_litmus_traces/wr_15_enriched.jsonl
WR,write_read,false,16,67940,10,75,1,1,"1,1",2,PASS,none,87,0,21,build/coherent/rtl_litmus_traces/wr_16_rvfi.csv,build/coherent/rtl_litmus_traces/wr_16_events.csv,build/coherent/rtl_litmus_traces/wr_16_enriched.jsonl
WR,write_read,false,17,68071,25,75,1,1,"1,1",2,PASS,none,107,0,76,build/coherent/rtl_litmus_traces/wr_17_rvfi.csv,build/coherent/rtl_litmus_traces/wr_17_events.csv,build/coherent/rtl_litmus_traces/wr_17_enriched.jsonl
WR,write_read,false,18,68202,40,75,1,1,"1,1",2,PASS,none,108,0,42,build/coherent/rtl_litmus_traces/wr_18_rvfi.csv,build/coherent/rtl_litmus_traces/wr_18_events.csv,build/coherent/rtl_litmus_traces/wr_18_enriched.jsonl
WR,write_read,false,19,68333,55,75,1,1,"1,1",2,PASS,none,124,0,32,build/coherent/rtl_litmus_traces/wr_19_rvfi.csv,build/coherent/rtl_litmus_traces/wr_19_events.csv,build/coherent/rtl_litmus_traces/wr_19_enriched.jsonl
WR,write_read,false,20,68464,0,0,1,1,"1,1",2,PASS,none,82,0,9,build/coherent/rtl_litmus_traces/wr_20_rvfi.csv,build/coherent/rtl_litmus_traces/wr_20_events.csv,build/coherent/rtl_litmus_traces/wr_20_enriched.jsonl
WR,write_read,false,21,68595,10,0,1,1,"1,1",2,PASS,none,83,0,9,build/coherent/rtl_litmus_traces/wr_21_rvfi.csv,build/coherent/rtl_litmus_traces/wr_21_events.csv,build/coherent/rtl_litmus_traces/wr_21_enriched.jsonl
WR,write_read,false,22,68726,25,0,1,1,"1,1",2,PASS,none,91,0,4,build/coherent/rtl_litmus_traces/wr_22_rvfi.csv,build/coherent/rtl_litmus_traces/wr_22_events.csv,build/coherent/rtl_litmus_traces/wr_22_enriched.jsonl
WR,write_read,false,23,68857,40,0,1,1,"1,1",2,PASS,none,99,0,3,build/coherent/rtl_litmus_traces/wr_23_rvfi.csv,build/coherent/rtl_litmus_traces/wr_23_events.csv,build/coherent/rtl_litmus_traces/wr_23_enriched.jsonl
WR,write_read,false,24,68988,55,0,1,1,"1,1",2,PASS,none,120,0,5,build/coherent/rtl_litmus_traces/wr_24_rvfi.csv,build/coherent/rtl_litmus_traces/wr_24_events.csv,build/coherent/rtl_litmus_traces/wr_24_enriched.jsonl
WR_FENCE,write_read,true,0,69943,0,0,1,1,"1,1",2,PASS,none,115,0,8,build/coherent/rtl_litmus_traces/wr_fence_00_rvfi.csv,build/coherent/rtl_litmus_traces/wr_fence_00_events.csv,build/coherent/rtl_litmus_traces/wr_fence_00_enriched.jsonl
WR_FENCE,write_read,true,1,70074,10,0,1,1,"1,1",2,PASS,none,118,0,5,build/coherent/rtl_litmus_traces/wr_fence_01_rvfi.csv,build/coherent/rtl_litmus_traces/wr_fence_01_events.csv,build/coherent/rtl_litmus_traces/wr_fence_01_enriched.jsonl
WR_FENCE,write_read,true,2,70205,25,0,1,1,"1,1",2,PASS,none,126,0,8,build/coherent/rtl_litmus_traces/wr_fence_02_rvfi.csv,build/coherent/rtl_litmus_traces/wr_fence_02_events.csv,build/coherent/rtl_litmus_traces/wr_fence_02_enriched.jsonl
WR_FENCE,write_read,true,3,70336,40,0,1,1,"1,1",2,PASS,none,132,0,5,build/coherent/rtl_litmus_traces/wr_fence_03_rvfi.csv,build/coherent/rtl_litmus_traces/wr_fence_03_events.csv,build/coherent/rtl_litmus_traces/wr_fence_03_enriched.jsonl
WR_FENCE,write_read,true,4,70467,55,0,1,1,"1,1",2,PASS,none,158,0,8,build/coherent/rtl_litmus_traces/wr_fence_04_rvfi.csv,build/coherent/rtl_litmus_traces/wr_fence_04_events.csv,build/coherent/rtl_litmus_traces/wr_fence_04_enriched.jsonl
WR_FENCE,write_read,true,5,70598,0,25,1,1,"1,1",2,PASS,none,115,0,8,build/coherent/rtl_litmus_traces/wr_fence_05_rvfi.csv,build/coherent/rtl_litmus_traces/wr_fence_05_events.csv,build/coherent/rtl_litmus_traces/wr_fence_05_enriched.jsonl
WR_FENCE,write_read,true,6,70729,10,25,1,1,"1,1",2,PASS,none,120,0,11,build/coherent/rtl_litmus_traces/wr_fence_06_rvfi.csv,build/coherent/rtl_litmus_traces/wr_fence_06_events.csv,build/coherent/rtl_litmus_traces/wr_fence_06_enriched.jsonl
WR_FENCE,write_read,true,7,70860,25,25,1,1,"1,1",2,PASS,none,129,0,7,build/coherent/rtl_litmus_traces/wr_fence_07_rvfi.csv,build/coherent/rtl_litmus_traces/wr_fence_07_events.csv,build/coherent/rtl_litmus_traces/wr_fence_07_enriched.jsonl
WR_FENCE,write_read,true,8,70991,40,25,1,1,"1,1",2,PASS,none,138,0,15,build/coherent/rtl_litmus_traces/wr_fence_08_rvfi.csv,build/coherent/rtl_litmus_traces/wr_fence_08_events.csv,build/coherent/rtl_litmus_traces/wr_fence_08_enriched.jsonl
WR_FENCE,write_read,true,9,71122,55,25,1,1,"1,1",2,PASS,none,146,0,2,build/coherent/rtl_litmus_traces/wr_fence_09_rvfi.csv,build/coherent/rtl_litmus_traces/wr_fence_09_events.csv,build/coherent/rtl_litmus_traces/wr_fence_09_enriched.jsonl
WR_FENCE,write_read,true,10,71253,0,50,1,1,"1,1",2,PASS,none,115,0,8,build/coherent/rtl_litmus_traces/wr_fence_10_rvfi.csv,build/coherent/rtl_litmus_traces/wr_fence_10_events.csv,build/coherent/rtl_litmus_traces/wr_fence_10_enriched.jsonl
WR_FENCE,write_read,true,11,71384,10,50,1,1,"1,1",2,PASS,none,138,0,38,build/coherent/rtl_litmus_traces/wr_fence_11_rvfi.csv,build/coherent/rtl_litmus_traces/wr_fence_11_events.csv,build/coherent/rtl_litmus_traces/wr_fence_11_enriched.jsonl
WR_FENCE,write_read,true,12,71515,25,50,1,1,"1,1",2,PASS,none,133,0,34,build/coherent/rtl_litmus_traces/wr_fence_12_rvfi.csv,build/coherent/rtl_litmus_traces/wr_fence_12_events.csv,build/coherent/rtl_litmus_traces/wr_fence_12_enriched.jsonl
WR_FENCE,write_read,true,13,71646,40,50,1,1,"1,1",2,PASS,none,142,0,26,build/coherent/rtl_litmus_traces/wr_fence_13_rvfi.csv,build/coherent/rtl_litmus_traces/wr_fence_13_events.csv,build/coherent/rtl_litmus_traces/wr_fence_13_enriched.jsonl
WR_FENCE,write_read,true,14,71777,55,50,1,1,"1,1",2,PASS,none,151,0,9,build/coherent/rtl_litmus_traces/wr_fence_14_rvfi.csv,build/coherent/rtl_litmus_traces/wr_fence_14_events.csv,build/coherent/rtl_litmus_traces/wr_fence_14_enriched.jsonl
WR_FENCE,write_read,true,15,71908,0,75,1,1,"1,1",2,PASS,none,155,0,72,build/coherent/rtl_litmus_traces/wr_fence_15_rvfi.csv,build/coherent/rtl_litmus_traces/wr_fence_15_events.csv,build/coherent/rtl_litmus_traces/wr_fence_15_enriched.jsonl
WR_FENCE,write_read,true,16,72039,10,75,1,1,"1,1",2,PASS,none,143,0,57,build/coherent/rtl_litmus_traces/wr_fence_16_rvfi.csv,build/coherent/rtl_litmus_traces/wr_fence_16_events.csv,build/coherent/rtl_litmus_traces/wr_fence_16_enriched.jsonl
WR_FENCE,write_read,true,17,72170,25,75,1,1,"1,1",2,PASS,none,189,0,71,build/coherent/rtl_litmus_traces/wr_fence_17_rvfi.csv,build/coherent/rtl_litmus_traces/wr_fence_17_events.csv,build/coherent/rtl_litmus_traces/wr_fence_17_enriched.jsonl
WR_FENCE,write_read,true,18,72301,40,75,1,1,"1,1",2,PASS,none,195,0,100,build/coherent/rtl_litmus_traces/wr_fence_18_rvfi.csv,build/coherent/rtl_litmus_traces/wr_fence_18_events.csv,build/coherent/rtl_litmus_traces/wr_fence_18_enriched.jsonl
WR_FENCE,write_read,true,19,72432,55,75,1,1,"1,1",2,PASS,none,172,0,51,build/coherent/rtl_litmus_traces/wr_fence_19_rvfi.csv,build/coherent/rtl_litmus_traces/wr_fence_19_events.csv,build/coherent/rtl_litmus_traces/wr_fence_19_enriched.jsonl
WR_FENCE,write_read,true,20,72563,0,0,1,1,"1,1",2,PASS,none,115,0,8,build/coherent/rtl_litmus_traces/wr_fence_20_rvfi.csv,build/coherent/rtl_litmus_traces/wr_fence_20_events.csv,build/coherent/rtl_litmus_traces/wr_fence_20_enriched.jsonl
WR_FENCE,write_read,true,21,72694,10,0,1,1,"1,1",2,PASS,none,117,0,6,build/coherent/rtl_litmus_traces/wr_fence_21_rvfi.csv,build/coherent/rtl_litmus_traces/wr_fence_21_events.csv,build/coherent/rtl_litmus_traces/wr_fence_21_enriched.jsonl
WR_FENCE,write_read,true,22,72825,25,0,1,1,"1,1",2,PASS,none,119,0,3,build/coherent/rtl_litmus_traces/wr_fence_22_rvfi.csv,build/coherent/rtl_litmus_traces/wr_fence_22_events.csv,build/coherent/rtl_litmus_traces/wr_fence_22_enriched.jsonl
WR_FENCE,write_read,true,23,72956,40,0,1,1,"1,1",2,PASS,none,136,0,12,build/coherent/rtl_litmus_traces/wr_fence_23_rvfi.csv,build/coherent/rtl_litmus_traces/wr_fence_23_events.csv,build/coherent/rtl_litmus_traces/wr_fence_23_enriched.jsonl
WR_FENCE,write_read,true,24,73087,55,0,1,1,"1,1",2,PASS,none,155,0,6,build/coherent/rtl_litmus_traces/wr_fence_24_rvfi.csv,build/coherent/rtl_litmus_traces/wr_fence_24_events.csv,build/coherent/rtl_litmus_traces/wr_fence_24_enriched.jsonl
CO-RR,coherence_read_read,false,0,74042,0,0,0,1,"0,1",3,PASS,none,100,0,1,build/coherent/rtl_litmus_traces/co-rr_00_rvfi.csv,build/coherent/rtl_litmus_traces/co-rr_00_events.csv,build/coherent/rtl_litmus_traces/co-rr_00_enriched.jsonl
CO-RR,coherence_read_read,false,1,74173,10,0,0,1,"0,1",3,PASS,none,102,0,1,build/coherent/rtl_litmus_traces/co-rr_01_rvfi.csv,build/coherent/rtl_litmus_traces/co-rr_01_events.csv,build/coherent/rtl_litmus_traces/co-rr_01_enriched.jsonl
CO-RR,coherence_read_read,false,2,74304,25,0,0,1,"0,1",3,PASS,none,108,0,5,build/coherent/rtl_litmus_traces/co-rr_02_rvfi.csv,build/coherent/rtl_litmus_traces/co-rr_02_events.csv,build/coherent/rtl_litmus_traces/co-rr_02_enriched.jsonl
CO-RR,coherence_read_read,false,3,74435,40,0,0,1,"0,1",3,PASS,none,122,0,5,build/coherent/rtl_litmus_traces/co-rr_03_rvfi.csv,build/coherent/rtl_litmus_traces/co-rr_03_events.csv,build/coherent/rtl_litmus_traces/co-rr_03_enriched.jsonl
CO-RR,coherence_read_read,false,4,74566,55,0,0,0,"0,0",3,PASS,none,151,0,8,build/coherent/rtl_litmus_traces/co-rr_04_rvfi.csv,build/coherent/rtl_litmus_traces/co-rr_04_events.csv,build/coherent/rtl_litmus_traces/co-rr_04_enriched.jsonl
CO-RR,coherence_read_read,false,5,74697,0,25,0,1,"0,1",3,PASS,none,108,0,18,build/coherent/rtl_litmus_traces/co-rr_05_rvfi.csv,build/coherent/rtl_litmus_traces/co-rr_05_events.csv,build/coherent/rtl_litmus_traces/co-rr_05_enriched.jsonl
CO-RR,coherence_read_read,false,6,74828,10,25,0,1,"0,1",3,PASS,none,111,0,8,build/coherent/rtl_litmus_traces/co-rr_06_rvfi.csv,build/coherent/rtl_litmus_traces/co-rr_06_events.csv,build/coherent/rtl_litmus_traces/co-rr_06_enriched.jsonl
CO-RR,coherence_read_read,false,7,74959,25,25,0,1,"0,1",3,PASS,none,105,0,7,build/coherent/rtl_litmus_traces/co-rr_07_rvfi.csv,build/coherent/rtl_litmus_traces/co-rr_07_events.csv,build/coherent/rtl_litmus_traces/co-rr_07_enriched.jsonl
CO-RR,coherence_read_read,false,8,75090,40,25,0,1,"0,1",3,PASS,none,121,0,9,build/coherent/rtl_litmus_traces/co-rr_08_rvfi.csv,build/coherent/rtl_litmus_traces/co-rr_08_events.csv,build/coherent/rtl_litmus_traces/co-rr_08_enriched.jsonl
CO-RR,coherence_read_read,false,9,75221,55,25,0,1,"0,1",3,PASS,none,147,0,14,build/coherent/rtl_litmus_traces/co-rr_09_rvfi.csv,build/coherent/rtl_litmus_traces/co-rr_09_events.csv,build/coherent/rtl_litmus_traces/co-rr_09_enriched.jsonl
CO-RR,coherence_read_read,false,10,75352,0,50,0,1,"0,1",3,PASS,none,112,0,29,build/coherent/rtl_litmus_traces/co-rr_10_rvfi.csv,build/coherent/rtl_litmus_traces/co-rr_10_events.csv,build/coherent/rtl_litmus_traces/co-rr_10_enriched.jsonl
CO-RR,coherence_read_read,false,11,75483,10,50,0,1,"0,1",3,PASS,none,109,0,18,build/coherent/rtl_litmus_traces/co-rr_11_rvfi.csv,build/coherent/rtl_litmus_traces/co-rr_11_events.csv,build/coherent/rtl_litmus_traces/co-rr_11_enriched.jsonl
CO-RR,coherence_read_read,false,12,75614,25,50,0,1,"0,1",3,PASS,none,117,0,10,build/coherent/rtl_litmus_traces/co-rr_12_rvfi.csv,build/coherent/rtl_litmus_traces/co-rr_12_events.csv,build/coherent/rtl_litmus_traces/co-rr_12_enriched.jsonl
CO-RR,coherence_read_read,false,13,75745,40,50,0,1,"0,1",3,PASS,none,137,0,36,build/coherent/rtl_litmus_traces/co-rr_13_rvfi.csv,build/coherent/rtl_litmus_traces/co-rr_13_events.csv,build/coherent/rtl_litmus_traces/co-rr_13_enriched.jsonl
CO-RR,coherence_read_read,false,14,75876,55,50,0,1,"0,1",3,PASS,none,145,0,20,build/coherent/rtl_litmus_traces/co-rr_14_rvfi.csv,build/coherent/rtl_litmus_traces/co-rr_14_events.csv,build/coherent/rtl_litmus_traces/co-rr_14_enriched.jsonl
CO-RR,coherence_read_read,false,15,76007,0,75,0,1,"0,1",3,PASS,none,124,0,59,build/coherent/rtl_litmus_traces/co-rr_15_rvfi.csv,build/coherent/rtl_litmus_traces/co-rr_15_events.csv,build/coherent/rtl_litmus_traces/co-rr_15_enriched.jsonl
CO-RR,coherence_read_read,false,16,76138,10,75,0,1,"0,1",3,PASS,none,124,0,39,build/coherent/rtl_litmus_traces/co-rr_16_rvfi.csv,build/coherent/rtl_litmus_traces/co-rr_16_events.csv,build/coherent/rtl_litmus_traces/co-rr_16_enriched.jsonl
CO-RR,coherence_read_read,false,17,76269,25,75,0,1,"0,1",3,PASS,none,152,0,96,build/coherent/rtl_litmus_traces/co-rr_17_rvfi.csv,build/coherent/rtl_litmus_traces/co-rr_17_events.csv,build/coherent/rtl_litmus_traces/co-rr_17_enriched.jsonl
CO-RR,coherence_read_read,false,18,76400,40,75,0,1,"0,1",3,PASS,none,123,0,43,build/coherent/rtl_litmus_traces/co-rr_18_rvfi.csv,build/coherent/rtl_litmus_traces/co-rr_18_events.csv,build/coherent/rtl_litmus_traces/co-rr_18_enriched.jsonl
CO-RR,coherence_read_read,false,19,76531,55,75,0,0,"0,0",3,PASS,none,185,0,63,build/coherent/rtl_litmus_traces/co-rr_19_rvfi.csv,build/coherent/rtl_litmus_traces/co-rr_19_events.csv,build/coherent/rtl_litmus_traces/co-rr_19_enriched.jsonl
CO-RR,coherence_read_read,false,20,76662,0,0,0,1,"0,1",3,PASS,none,100,0,1,build/coherent/rtl_litmus_traces/co-rr_20_rvfi.csv,build/coherent/rtl_litmus_traces/co-rr_20_events.csv,build/coherent/rtl_litmus_traces/co-rr_20_enriched.jsonl
CO-RR,coherence_read_read,false,21,76793,10,0,0,1,"0,1",3,PASS,none,102,0,3,build/coherent/rtl_litmus_traces/co-rr_21_rvfi.csv,build/coherent/rtl_litmus_traces/co-rr_21_events.csv,build/coherent/rtl_litmus_traces/co-rr_21_enriched.jsonl
CO-RR,coherence_read_read,false,22,76924,25,0,0,1,"0,1",3,PASS,none,105,0,3,build/coherent/rtl_litmus_traces/co-rr_22_rvfi.csv,build/coherent/rtl_litmus_traces/co-rr_22_events.csv,build/coherent/rtl_litmus_traces/co-rr_22_enriched.jsonl
CO-RR,coherence_read_read,false,23,77055,40,0,0,1,"0,1",3,PASS,none,109,0,4,build/coherent/rtl_litmus_traces/co-rr_23_rvfi.csv,build/coherent/rtl_litmus_traces/co-rr_23_events.csv,build/coherent/rtl_litmus_traces/co-rr_23_enriched.jsonl
CO-RR,coherence_read_read,false,24,77186,55,0,0,1,"0,1",3,PASS,none,129,0,6,build/coherent/rtl_litmus_traces/co-rr_24_rvfi.csv,build/coherent/rtl_litmus_traces/co-rr_24_events.csv,build/coherent/rtl_litmus_traces/co-rr_24_enriched.jsonl
CO-RR_FENCE,coherence_read_read,true,0,78141,0,0,0,1,"0,1",3,PASS,none,102,0,2,build/coherent/rtl_litmus_traces/co-rr_fence_00_rvfi.csv,build/coherent/rtl_litmus_traces/co-rr_fence_00_events.csv,build/coherent/rtl_litmus_traces/co-rr_fence_00_enriched.jsonl
CO-RR_FENCE,coherence_read_read,true,1,78272,10,0,0,1,"0,1",3,PASS,none,103,0,2,build/coherent/rtl_litmus_traces/co-rr_fence_01_rvfi.csv,build/coherent/rtl_litmus_traces/co-rr_fence_01_events.csv,build/coherent/rtl_litmus_traces/co-rr_fence_01_enriched.jsonl
CO-RR_FENCE,coherence_read_read,true,2,78403,25,0,0,1,"0,1",3,PASS,none,113,0,6,build/coherent/rtl_litmus_traces/co-rr_fence_02_rvfi.csv,build/coherent/rtl_litmus_traces/co-rr_fence_02_events.csv,build/coherent/rtl_litmus_traces/co-rr_fence_02_enriched.jsonl
CO-RR_FENCE,coherence_read_read,true,3,78534,40,0,0,1,"0,1",3,PASS,none,119,0,1,build/coherent/rtl_litmus_traces/co-rr_fence_03_rvfi.csv,build/coherent/rtl_litmus_traces/co-rr_fence_03_events.csv,build/coherent/rtl_litmus_traces/co-rr_fence_03_enriched.jsonl
CO-RR_FENCE,coherence_read_read,true,4,78665,55,0,0,1,"0,1",3,PASS,none,129,0,1,build/coherent/rtl_litmus_traces/co-rr_fence_04_rvfi.csv,build/coherent/rtl_litmus_traces/co-rr_fence_04_events.csv,build/coherent/rtl_litmus_traces/co-rr_fence_04_enriched.jsonl
CO-RR_FENCE,coherence_read_read,true,5,78796,0,25,0,1,"0,1",3,PASS,none,106,0,11,build/coherent/rtl_litmus_traces/co-rr_fence_05_rvfi.csv,build/coherent/rtl_litmus_traces/co-rr_fence_05_events.csv,build/coherent/rtl_litmus_traces/co-rr_fence_05_enriched.jsonl
CO-RR_FENCE,coherence_read_read,true,6,78927,10,25,0,1,"0,1",3,PASS,none,105,0,6,build/coherent/rtl_litmus_traces/co-rr_fence_06_rvfi.csv,build/coherent/rtl_litmus_traces/co-rr_fence_06_events.csv,build/coherent/rtl_litmus_traces/co-rr_fence_06_enriched.jsonl
CO-RR_FENCE,coherence_read_read,true,7,79058,25,25,0,1,"0,1",3,PASS,none,118,0,3,build/coherent/rtl_litmus_traces/co-rr_fence_07_rvfi.csv,build/coherent/rtl_litmus_traces/co-rr_fence_07_events.csv,build/coherent/rtl_litmus_traces/co-rr_fence_07_enriched.jsonl
CO-RR_FENCE,coherence_read_read,true,8,79189,40,25,0,1,"0,1",3,PASS,none,117,0,4,build/coherent/rtl_litmus_traces/co-rr_fence_08_rvfi.csv,build/coherent/rtl_litmus_traces/co-rr_fence_08_events.csv,build/coherent/rtl_litmus_traces/co-rr_fence_08_enriched.jsonl
CO-RR_FENCE,coherence_read_read,true,9,79320,55,25,0,1,"0,1",3,PASS,none,142,0,9,build/coherent/rtl_litmus_traces/co-rr_fence_09_rvfi.csv,build/coherent/rtl_litmus_traces/co-rr_fence_09_events.csv,build/coherent/rtl_litmus_traces/co-rr_fence_09_enriched.jsonl
CO-RR_FENCE,coherence_read_read,true,10,79451,0,50,0,1,"0,1",3,PASS,none,104,0,7,build/coherent/rtl_litmus_traces/co-rr_fence_10_rvfi.csv,build/coherent/rtl_litmus_traces/co-rr_fence_10_events.csv,build/coherent/rtl_litmus_traces/co-rr_fence_10_enriched.jsonl
CO-RR_FENCE,coherence_read_read,true,11,79582,10,50,0,1,"0,1",3,PASS,none,106,0,6,build/coherent/rtl_litmus_traces/co-rr_fence_11_rvfi.csv,build/coherent/rtl_litmus_traces/co-rr_fence_11_events.csv,build/coherent/rtl_litmus_traces/co-rr_fence_11_enriched.jsonl
CO-RR_FENCE,coherence_read_read,true,12,79713,25,50,0,1,"0,1",3,PASS,none,126,0,35,build/coherent/rtl_litmus_traces/co-rr_fence_12_rvfi.csv,build/coherent/rtl_litmus_traces/co-rr_fence_12_events.csv,build/coherent/rtl_litmus_traces/co-rr_fence_12_enriched.jsonl
CO-RR_FENCE,coherence_read_read,true,13,79844,40,50,0,1,"0,1",3,PASS,none,139,0,29,build/coherent/rtl_litmus_traces/co-rr_fence_13_rvfi.csv,build/coherent/rtl_litmus_traces/co-rr_fence_13_events.csv,build/coherent/rtl_litmus_traces/co-rr_fence_13_enriched.jsonl
CO-RR_FENCE,coherence_read_read,true,14,79975,55,50,0,1,"0,1",3,PASS,none,131,0,20,build/coherent/rtl_litmus_traces/co-rr_fence_14_rvfi.csv,build/coherent/rtl_litmus_traces/co-rr_fence_14_events.csv,build/coherent/rtl_litmus_traces/co-rr_fence_14_enriched.jsonl
CO-RR_FENCE,coherence_read_read,true,15,80106,0,75,0,1,"0,1",3,PASS,none,141,0,92,build/coherent/rtl_litmus_traces/co-rr_fence_15_rvfi.csv,build/coherent/rtl_litmus_traces/co-rr_fence_15_events.csv,build/coherent/rtl_litmus_traces/co-rr_fence_15_enriched.jsonl
CO-RR_FENCE,coherence_read_read,true,16,80237,10,75,0,2,"0,2",3,PASS,none,148,0,63,build/coherent/rtl_litmus_traces/co-rr_fence_16_rvfi.csv,build/coherent/rtl_litmus_traces/co-rr_fence_16_events.csv,build/coherent/rtl_litmus_traces/co-rr_fence_16_enriched.jsonl
CO-RR_FENCE,coherence_read_read,true,17,80368,25,75,0,0,"0,0",3,PASS,none,146,0,51,build/coherent/rtl_litmus_traces/co-rr_fence_17_rvfi.csv,build/coherent/rtl_litmus_traces/co-rr_fence_17_events.csv,build/coherent/rtl_litmus_traces/co-rr_fence_17_enriched.jsonl
CO-RR_FENCE,coherence_read_read,true,18,80499,40,75,0,1,"0,1",3,PASS,none,135,0,43,build/coherent/rtl_litmus_traces/co-rr_fence_18_rvfi.csv,build/coherent/rtl_litmus_traces/co-rr_fence_18_events.csv,build/coherent/rtl_litmus_traces/co-rr_fence_18_enriched.jsonl
CO-RR_FENCE,coherence_read_read,true,19,80630,55,75,0,2,"0,2",3,PASS,none,205,0,106,build/coherent/rtl_litmus_traces/co-rr_fence_19_rvfi.csv,build/coherent/rtl_litmus_traces/co-rr_fence_19_events.csv,build/coherent/rtl_litmus_traces/co-rr_fence_19_enriched.jsonl
CO-RR_FENCE,coherence_read_read,true,20,80761,0,0,0,1,"0,1",3,PASS,none,102,0,2,build/coherent/rtl_litmus_traces/co-rr_fence_20_rvfi.csv,build/coherent/rtl_litmus_traces/co-rr_fence_20_events.csv,build/coherent/rtl_litmus_traces/co-rr_fence_20_enriched.jsonl
CO-RR_FENCE,coherence_read_read,true,21,80892,10,0,0,1,"0,1",3,PASS,none,103,0,2,build/coherent/rtl_litmus_traces/co-rr_fence_21_rvfi.csv,build/coherent/rtl_litmus_traces/co-rr_fence_21_events.csv,build/coherent/rtl_litmus_traces/co-rr_fence_21_enriched.jsonl
CO-RR_FENCE,coherence_read_read,true,22,81023,25,0,0,1,"0,1",3,PASS,none,106,0,0,build/coherent/rtl_litmus_traces/co-rr_fence_22_rvfi.csv,build/coherent/rtl_litmus_traces/co-rr_fence_22_events.csv,build/coherent/rtl_litmus_traces/co-rr_fence_22_enriched.jsonl
CO-RR_FENCE,coherence_read_read,true,23,81154,40,0,0,1,"0,1",3,PASS,none,116,0,3,build/coherent/rtl_litmus_traces/co-rr_fence_23_rvfi.csv,build/coherent/rtl_litmus_traces/co-rr_fence_23_events.csv,build/coherent/rtl_litmus_traces/co-rr_fence_23_enriched.jsonl
CO-RR_FENCE,coherence_read_read,true,24,81285,55,0,0,1,"0,1",3,PASS,none,139,0,1,build/coherent/rtl_litmus_traces/co-rr_fence_24_rvfi.csv,build/coherent/rtl_litmus_traces/co-rr_fence_24_events.csv,build/coherent/rtl_litmus_traces/co-rr_fence_24_enriched.jsonl
CO-WW,coherence_write_write,false,0,82240,0,0,0,2,"0,2",4,PASS,none,85,0,10,build/coherent/rtl_litmus_traces/co-ww_00_rvfi.csv,build/coherent/rtl_litmus_traces/co-ww_00_events.csv,build/coherent/rtl_litmus_traces/co-ww_00_enriched.jsonl
CO-WW,coherence_write_write,false,1,82371,10,0,0,2,"0,2",4,PASS,none,87,0,10,build/coherent/rtl_litmus_traces/co-ww_01_rvfi.csv,build/coherent/rtl_litmus_traces/co-ww_01_events.csv,build/coherent/rtl_litmus_traces/co-ww_01_enriched.jsonl
CO-WW,coherence_write_write,false,2,82502,25,0,0,2,"0,2",4,PASS,none,89,0,9,build/coherent/rtl_litmus_traces/co-ww_02_rvfi.csv,build/coherent/rtl_litmus_traces/co-ww_02_events.csv,build/coherent/rtl_litmus_traces/co-ww_02_enriched.jsonl
CO-WW,coherence_write_write,false,3,82633,40,0,0,2,"0,2",4,PASS,none,97,0,7,build/coherent/rtl_litmus_traces/co-ww_03_rvfi.csv,build/coherent/rtl_litmus_traces/co-ww_03_events.csv,build/coherent/rtl_litmus_traces/co-ww_03_enriched.jsonl
CO-WW,coherence_write_write,false,4,82764,55,0,0,2,"0,2",4,PASS,none,112,0,9,build/coherent/rtl_litmus_traces/co-ww_04_rvfi.csv,build/coherent/rtl_litmus_traces/co-ww_04_events.csv,build/coherent/rtl_litmus_traces/co-ww_04_enriched.jsonl
CO-WW,coherence_write_write,false,5,82895,0,25,0,2,"0,2",4,PASS,none,85,0,10,build/coherent/rtl_litmus_traces/co-ww_05_rvfi.csv,build/coherent/rtl_litmus_traces/co-ww_05_events.csv,build/coherent/rtl_litmus_traces/co-ww_05_enriched.jsonl
CO-WW,coherence_write_write,false,6,83026,10,25,0,2,"0,2",4,PASS,none,88,0,10,build/coherent/rtl_litmus_traces/co-ww_06_rvfi.csv,build/coherent/rtl_litmus_traces/co-ww_06_events.csv,build/coherent/rtl_litmus_traces/co-ww_06_enriched.jsonl
CO-WW,coherence_write_write,false,7,83157,25,25,0,2,"0,2",4,PASS,none,93,0,5,build/coherent/rtl_litmus_traces/co-ww_07_rvfi.csv,build/coherent/rtl_litmus_traces/co-ww_07_events.csv,build/coherent/rtl_litmus_traces/co-ww_07_enriched.jsonl
CO-WW,coherence_write_write,false,8,83288,40,25,0,2,"0,2",4,PASS,none,96,0,16,build/coherent/rtl_litmus_traces/co-ww_08_rvfi.csv,build/coherent/rtl_litmus_traces/co-ww_08_events.csv,build/coherent/rtl_litmus_traces/co-ww_08_enriched.jsonl
CO-WW,coherence_write_write,false,9,83419,55,25,0,2,"0,2",4,PASS,none,133,0,21,build/coherent/rtl_litmus_traces/co-ww_09_rvfi.csv,build/coherent/rtl_litmus_traces/co-ww_09_events.csv,build/coherent/rtl_litmus_traces/co-ww_09_enriched.jsonl
CO-WW,coherence_write_write,false,10,83550,0,50,0,2,"0,2",4,PASS,none,87,0,38,build/coherent/rtl_litmus_traces/co-ww_10_rvfi.csv,build/coherent/rtl_litmus_traces/co-ww_10_events.csv,build/coherent/rtl_litmus_traces/co-ww_10_enriched.jsonl
CO-WW,coherence_write_write,false,11,83681,10,50,0,2,"0,2",4,PASS,none,90,0,9,build/coherent/rtl_litmus_traces/co-ww_11_rvfi.csv,build/coherent/rtl_litmus_traces/co-ww_11_events.csv,build/coherent/rtl_litmus_traces/co-ww_11_enriched.jsonl
CO-WW,coherence_write_write,false,12,83812,25,50,0,2,"0,2",4,PASS,none,98,0,32,build/coherent/rtl_litmus_traces/co-ww_12_rvfi.csv,build/coherent/rtl_litmus_traces/co-ww_12_events.csv,build/coherent/rtl_litmus_traces/co-ww_12_enriched.jsonl
CO-WW,coherence_write_write,false,13,83943,40,50,0,2,"0,2",4,PASS,none,103,0,29,build/coherent/rtl_litmus_traces/co-ww_13_rvfi.csv,build/coherent/rtl_litmus_traces/co-ww_13_events.csv,build/coherent/rtl_litmus_traces/co-ww_13_enriched.jsonl
CO-WW,coherence_write_write,false,14,84074,55,50,0,2,"0,2",4,PASS,none,115,0,39,build/coherent/rtl_litmus_traces/co-ww_14_rvfi.csv,build/coherent/rtl_litmus_traces/co-ww_14_events.csv,build/coherent/rtl_litmus_traces/co-ww_14_enriched.jsonl
CO-WW,coherence_write_write,false,15,84205,0,75,0,2,"0,2",4,PASS,none,99,0,59,build/coherent/rtl_litmus_traces/co-ww_15_rvfi.csv,build/coherent/rtl_litmus_traces/co-ww_15_events.csv,build/coherent/rtl_litmus_traces/co-ww_15_enriched.jsonl
CO-WW,coherence_write_write,false,16,84336,10,75,0,2,"0,2",4,PASS,none,124,0,105,build/coherent/rtl_litmus_traces/co-ww_16_rvfi.csv,build/coherent/rtl_litmus_traces/co-ww_16_events.csv,build/coherent/rtl_litmus_traces/co-ww_16_enriched.jsonl
CO-WW,coherence_write_write,false,17,84467,25,75,0,2,"0,2",4,PASS,none,118,0,93,build/coherent/rtl_litmus_traces/co-ww_17_rvfi.csv,build/coherent/rtl_litmus_traces/co-ww_17_events.csv,build/coherent/rtl_litmus_traces/co-ww_17_enriched.jsonl
CO-WW,coherence_write_write,false,18,84598,40,75,0,2,"0,2",4,PASS,none,122,0,81,build/coherent/rtl_litmus_traces/co-ww_18_rvfi.csv,build/coherent/rtl_litmus_traces/co-ww_18_events.csv,build/coherent/rtl_litmus_traces/co-ww_18_enriched.jsonl
CO-WW,coherence_write_write,false,19,84729,55,75,0,2,"0,2",4,PASS,none,135,0,25,build/coherent/rtl_litmus_traces/co-ww_19_rvfi.csv,build/coherent/rtl_litmus_traces/co-ww_19_events.csv,build/coherent/rtl_litmus_traces/co-ww_19_enriched.jsonl
CO-WW,coherence_write_write,false,20,84860,0,0,0,2,"0,2",4,PASS,none,85,0,10,build/coherent/rtl_litmus_traces/co-ww_20_rvfi.csv,build/coherent/rtl_litmus_traces/co-ww_20_events.csv,build/coherent/rtl_litmus_traces/co-ww_20_enriched.jsonl
CO-WW,coherence_write_write,false,21,84991,10,0,0,2,"0,2",4,PASS,none,89,0,8,build/coherent/rtl_litmus_traces/co-ww_21_rvfi.csv,build/coherent/rtl_litmus_traces/co-ww_21_events.csv,build/coherent/rtl_litmus_traces/co-ww_21_enriched.jsonl
CO-WW,coherence_write_write,false,22,85122,25,0,0,2,"0,2",4,PASS,none,94,0,3,build/coherent/rtl_litmus_traces/co-ww_22_rvfi.csv,build/coherent/rtl_litmus_traces/co-ww_22_events.csv,build/coherent/rtl_litmus_traces/co-ww_22_enriched.jsonl
CO-WW,coherence_write_write,false,23,85253,40,0,0,2,"0,2",4,PASS,none,105,0,3,build/coherent/rtl_litmus_traces/co-ww_23_rvfi.csv,build/coherent/rtl_litmus_traces/co-ww_23_events.csv,build/coherent/rtl_litmus_traces/co-ww_23_enriched.jsonl
CO-WW,coherence_write_write,false,24,85384,55,0,0,2,"0,2",4,PASS,none,112,0,7,build/coherent/rtl_litmus_traces/co-ww_24_rvfi.csv,build/coherent/rtl_litmus_traces/co-ww_24_events.csv,build/coherent/rtl_litmus_traces/co-ww_24_enriched.jsonl
CO-WW_FENCE,coherence_write_write,true,0,86339,0,0,0,2,"0,2",4,PASS,none,114,0,12,build/coherent/rtl_litmus_traces/co-ww_fence_00_rvfi.csv,build/coherent/rtl_litmus_traces/co-ww_fence_00_events.csv,build/coherent/rtl_litmus_traces/co-ww_fence_00_enriched.jsonl
CO-WW_FENCE,coherence_write_write,true,1,86470,10,0,0,2,"0,2",4,PASS,none,116,0,11,build/coherent/rtl_litmus_traces/co-ww_fence_01_rvfi.csv,build/coherent/rtl_litmus_traces/co-ww_fence_01_events.csv,build/coherent/rtl_litmus_traces/co-ww_fence_01_enriched.jsonl
CO-WW_FENCE,coherence_write_write,true,2,86601,25,0,0,2,"0,2",4,PASS,none,126,0,9,build/coherent/rtl_litmus_traces/co-ww_fence_02_rvfi.csv,build/coherent/rtl_litmus_traces/co-ww_fence_02_events.csv,build/coherent/rtl_litmus_traces/co-ww_fence_02_enriched.jsonl
CO-WW_FENCE,coherence_write_write,true,3,86732,40,0,0,2,"0,2",4,PASS,none,132,0,14,build/coherent/rtl_litmus_traces/co-ww_fence_03_rvfi.csv,build/coherent/rtl_litmus_traces/co-ww_fence_03_events.csv,build/coherent/rtl_litmus_traces/co-ww_fence_03_enriched.jsonl
CO-WW_FENCE,coherence_write_write,true,4,86863,55,0,0,2,"0,2",4,PASS,none,136,0,10,build/coherent/rtl_litmus_traces/co-ww_fence_04_rvfi.csv,build/coherent/rtl_litmus_traces/co-ww_fence_04_events.csv,build/coherent/rtl_litmus_traces/co-ww_fence_04_enriched.jsonl
CO-WW_FENCE,coherence_write_write,true,5,86994,0,25,0,2,"0,2",4,PASS,none,117,0,18,build/coherent/rtl_litmus_traces/co-ww_fence_05_rvfi.csv,build/coherent/rtl_litmus_traces/co-ww_fence_05_events.csv,build/coherent/rtl_litmus_traces/co-ww_fence_05_enriched.jsonl
CO-WW_FENCE,coherence_write_write,true,6,87125,10,25,0,2,"0,2",4,PASS,none,124,0,19,build/coherent/rtl_litmus_traces/co-ww_fence_06_rvfi.csv,build/coherent/rtl_litmus_traces/co-ww_fence_06_events.csv,build/coherent/rtl_litmus_traces/co-ww_fence_06_enriched.jsonl
CO-WW_FENCE,coherence_write_write,true,7,87256,25,25,0,2,"0,2",4,PASS,none,126,0,12,build/coherent/rtl_litmus_traces/co-ww_fence_07_rvfi.csv,build/coherent/rtl_litmus_traces/co-ww_fence_07_events.csv,build/coherent/rtl_litmus_traces/co-ww_fence_07_enriched.jsonl
CO-WW_FENCE,coherence_write_write,true,8,87387,40,25,0,2,"0,2",4,PASS,none,130,0,20,build/coherent/rtl_litmus_traces/co-ww_fence_08_rvfi.csv,build/coherent/rtl_litmus_traces/co-ww_fence_08_events.csv,build/coherent/rtl_litmus_traces/co-ww_fence_08_enriched.jsonl
CO-WW_FENCE,coherence_write_write,true,9,87518,55,25,0,1,"0,1",4,PASS,none,138,0,14,build/coherent/rtl_litmus_traces/co-ww_fence_09_rvfi.csv,build/coherent/rtl_litmus_traces/co-ww_fence_09_events.csv,build/coherent/rtl_litmus_traces/co-ww_fence_09_enriched.jsonl
CO-WW_FENCE,coherence_write_write,true,10,87649,0,50,0,3,"0,3",4,PASS,none,136,0,38,build/coherent/rtl_litmus_traces/co-ww_fence_10_rvfi.csv,build/coherent/rtl_litmus_traces/co-ww_fence_10_events.csv,build/coherent/rtl_litmus_traces/co-ww_fence_10_enriched.jsonl
CO-WW_FENCE,coherence_write_write,true,11,87780,10,50,0,3,"0,3",4,PASS,none,141,0,45,build/coherent/rtl_litmus_traces/co-ww_fence_11_rvfi.csv,build/coherent/rtl_litmus_traces/co-ww_fence_11_events.csv,build/coherent/rtl_litmus_traces/co-ww_fence_11_enriched.jsonl
CO-WW_FENCE,coherence_write_write,true,12,87911,25,50,0,3,"0,3",4,PASS,none,141,0,31,build/coherent/rtl_litmus_traces/co-ww_fence_12_rvfi.csv,build/coherent/rtl_litmus_traces/co-ww_fence_12_events.csv,build/coherent/rtl_litmus_traces/co-ww_fence_12_enriched.jsonl
CO-WW_FENCE,coherence_write_write,true,13,88042,40,50,0,2,"0,2",4,PASS,none,134,0,32,build/coherent/rtl_litmus_traces/co-ww_fence_13_rvfi.csv,build/coherent/rtl_litmus_traces/co-ww_fence_13_events.csv,build/coherent/rtl_litmus_traces/co-ww_fence_13_enriched.jsonl
CO-WW_FENCE,coherence_write_write,true,14,88173,55,50,0,1,"0,1",4,PASS,none,155,0,22,build/coherent/rtl_litmus_traces/co-ww_fence_14_rvfi.csv,build/coherent/rtl_litmus_traces/co-ww_fence_14_events.csv,build/coherent/rtl_litmus_traces/co-ww_fence_14_enriched.jsonl
CO-WW_FENCE,coherence_write_write,true,15,88304,0,75,0,3,"0,3",4,PASS,none,174,0,96,build/coherent/rtl_litmus_traces/co-ww_fence_15_rvfi.csv,build/coherent/rtl_litmus_traces/co-ww_fence_15_events.csv,build/coherent/rtl_litmus_traces/co-ww_fence_15_enriched.jsonl
CO-WW_FENCE,coherence_write_write,true,16,88435,10,75,0,1,"0,1",4,PASS,none,148,0,84,build/coherent/rtl_litmus_traces/co-ww_fence_16_rvfi.csv,build/coherent/rtl_litmus_traces/co-ww_fence_16_events.csv,build/coherent/rtl_litmus_traces/co-ww_fence_16_enriched.jsonl
CO-WW_FENCE,coherence_write_write,true,17,88566,25,75,0,3,"0,3",4,PASS,none,181,0,106,build/coherent/rtl_litmus_traces/co-ww_fence_17_rvfi.csv,build/coherent/rtl_litmus_traces/co-ww_fence_17_events.csv,build/coherent/rtl_litmus_traces/co-ww_fence_17_enriched.jsonl
CO-WW_FENCE,coherence_write_write,true,18,88697,40,75,0,1,"0,1",4,PASS,none,145,0,45,build/coherent/rtl_litmus_traces/co-ww_fence_18_rvfi.csv,build/coherent/rtl_litmus_traces/co-ww_fence_18_events.csv,build/coherent/rtl_litmus_traces/co-ww_fence_18_enriched.jsonl
CO-WW_FENCE,coherence_write_write,true,19,88828,55,75,0,2,"0,2",4,PASS,none,206,0,131,build/coherent/rtl_litmus_traces/co-ww_fence_19_rvfi.csv,build/coherent/rtl_litmus_traces/co-ww_fence_19_events.csv,build/coherent/rtl_litmus_traces/co-ww_fence_19_enriched.jsonl
CO-WW_FENCE,coherence_write_write,true,20,88959,0,0,0,2,"0,2",4,PASS,none,114,0,12,build/coherent/rtl_litmus_traces/co-ww_fence_20_rvfi.csv,build/coherent/rtl_litmus_traces/co-ww_fence_20_events.csv,build/coherent/rtl_litmus_traces/co-ww_fence_20_enriched.jsonl
CO-WW_FENCE,coherence_write_write,true,21,89090,10,0,0,2,"0,2",4,PASS,none,114,0,11,build/coherent/rtl_litmus_traces/co-ww_fence_21_rvfi.csv,build/coherent/rtl_litmus_traces/co-ww_fence_21_events.csv,build/coherent/rtl_litmus_traces/co-ww_fence_21_enriched.jsonl
CO-WW_FENCE,coherence_write_write,true,22,89221,25,0,0,2,"0,2",4,PASS,none,117,0,10,build/coherent/rtl_litmus_traces/co-ww_fence_22_rvfi.csv,build/coherent/rtl_litmus_traces/co-ww_fence_22_events.csv,build/coherent/rtl_litmus_traces/co-ww_fence_22_enriched.jsonl
CO-WW_FENCE,coherence_write_write,true,23,89352,40,0,0,2,"0,2",4,PASS,none,136,0,8,build/coherent/rtl_litmus_traces/co-ww_fence_23_rvfi.csv,build/coherent/rtl_litmus_traces/co-ww_fence_23_events.csv,build/coherent/rtl_litmus_traces/co-ww_fence_23_enriched.jsonl
CO-WW_FENCE,coherence_write_write,true,24,89483,55,0,0,1,"0,1",4,PASS,none,148,0,3,build/coherent/rtl_litmus_traces/co-ww_fence_24_rvfi.csv,build/coherent/rtl_litmus_traces/co-ww_fence_24_events.csv,build/coherent/rtl_litmus_traces/co-ww_fence_24_enriched.jsonl
WRC,write_read_causality,false,0,90438,0,0,0,0,"0,0",4,PASS,none,100,0,2,build/coherent/rtl_litmus_traces/wrc_00_rvfi.csv,build/coherent/rtl_litmus_traces/wrc_00_events.csv,build/coherent/rtl_litmus_traces/wrc_00_enriched.jsonl
WRC,write_read_causality,false,1,90569,10,0,0,0,"0,0",4,PASS,none,103,0,4,build/coherent/rtl_litmus_traces/wrc_01_rvfi.csv,build/coherent/rtl_litmus_traces/wrc_01_events.csv,build/coherent/rtl_litmus_traces/wrc_01_enriched.jsonl
WRC,write_read_causality,false,2,90700,25,0,0,0,"0,0",4,PASS,none,109,0,1,build/coherent/rtl_litmus_traces/wrc_02_rvfi.csv,build/coherent/rtl_litmus_traces/wrc_02_events.csv,build/coherent/rtl_litmus_traces/wrc_02_enriched.jsonl
WRC,write_read_causality,false,3,90831,40,0,0,0,"0,0",4,PASS,none,119,0,2,build/coherent/rtl_litmus_traces/wrc_03_rvfi.csv,build/coherent/rtl_litmus_traces/wrc_03_events.csv,build/coherent/rtl_litmus_traces/wrc_03_enriched.jsonl
WRC,write_read_causality,false,4,90962,55,0,0,0,"0,0",4,PASS,none,138,0,2,build/coherent/rtl_litmus_traces/wrc_04_rvfi.csv,build/coherent/rtl_litmus_traces/wrc_04_events.csv,build/coherent/rtl_litmus_traces/wrc_04_enriched.jsonl
WRC,write_read_causality,false,5,91093,0,25,0,0,"0,0",4,PASS,none,102,0,6,build/coherent/rtl_litmus_traces/wrc_05_rvfi.csv,build/coherent/rtl_litmus_traces/wrc_05_events.csv,build/coherent/rtl_litmus_traces/wrc_05_enriched.jsonl
WRC,write_read_causality,false,6,91224,10,25,0,1,"0,1",4,PASS,none,110,0,20,build/coherent/rtl_litmus_traces/wrc_06_rvfi.csv,build/coherent/rtl_litmus_traces/wrc_06_events.csv,build/coherent/rtl_litmus_traces/wrc_06_enriched.jsonl
WRC,write_read_causality,false,7,91355,25,25,0,0,"0,0",4,PASS,none,115,0,6,build/coherent/rtl_litmus_traces/wrc_07_rvfi.csv,build/coherent/rtl_litmus_traces/wrc_07_events.csv,build/coherent/rtl_litmus_traces/wrc_07_enriched.jsonl
WRC,write_read_causality,false,8,91486,40,25,0,1,"0,1",4,PASS,none,125,0,24,build/coherent/rtl_litmus_traces/wrc_08_rvfi.csv,build/coherent/rtl_litmus_traces/wrc_08_events.csv,build/coherent/rtl_litmus_traces/wrc_08_enriched.jsonl
WRC,write_read_causality,false,9,91617,55,25,0,0,"0,0",4,PASS,none,138,0,11,build/coherent/rtl_litmus_traces/wrc_09_rvfi.csv,build/coherent/rtl_litmus_traces/wrc_09_events.csv,build/coherent/rtl_litmus_traces/wrc_09_enriched.jsonl
WRC,write_read_causality,false,10,91748,0,50,0,0,"0,0",4,PASS,none,106,0,13,build/coherent/rtl_litmus_traces/wrc_10_rvfi.csv,build/coherent/rtl_litmus_traces/wrc_10_events.csv,build/coherent/rtl_litmus_traces/wrc_10_enriched.jsonl
WRC,write_read_causality,false,11,91879,10,50,0,0,"0,0",4,PASS,none,105,0,10,build/coherent/rtl_litmus_traces/wrc_11_rvfi.csv,build/coherent/rtl_litmus_traces/wrc_11_events.csv,build/coherent/rtl_litmus_traces/wrc_11_enriched.jsonl
WRC,write_read_causality,false,12,92010,25,50,0,0,"0,0",4,PASS,none,112,0,15,build/coherent/rtl_litmus_traces/wrc_12_rvfi.csv,build/coherent/rtl_litmus_traces/wrc_12_events.csv,build/coherent/rtl_litmus_traces/wrc_12_enriched.jsonl
WRC,write_read_causality,false,13,92141,40,50,0,0,"0,0",4,PASS,none,123,0,24,build/coherent/rtl_litmus_traces/wrc_13_rvfi.csv,build/coherent/rtl_litmus_traces/wrc_13_events.csv,build/coherent/rtl_litmus_traces/wrc_13_enriched.jsonl
WRC,write_read_causality,false,14,92272,55,50,0,0,"0,0",4,PASS,none,146,0,13,build/coherent/rtl_litmus_traces/wrc_14_rvfi.csv,build/coherent/rtl_litmus_traces/wrc_14_events.csv,build/coherent/rtl_litmus_traces/wrc_14_enriched.jsonl
WRC,write_read_causality,false,15,92403,0,75,1,0,"1,0",4,PASS,none,157,0,96,build/coherent/rtl_litmus_traces/wrc_15_rvfi.csv,build/coherent/rtl_litmus_traces/wrc_15_events.csv,build/coherent/rtl_litmus_traces/wrc_15_enriched.jsonl
WRC,write_read_causality,false,16,92534,10,75,0,1,"0,1",4,PASS,none,147,0,108,build/coherent/rtl_litmus_traces/wrc_16_rvfi.csv,build/coherent/rtl_litmus_traces/wrc_16_events.csv,build/coherent/rtl_litmus_traces/wrc_16_enriched.jsonl
WRC,write_read_causality,false,17,92665,25,75,0,1,"0,1",4,PASS,none,155,0,108,build/coherent/rtl_litmus_traces/wrc_17_rvfi.csv,build/coherent/rtl_litmus_traces/wrc_17_events.csv,build/coherent/rtl_litmus_traces/wrc_17_enriched.jsonl
WRC,write_read_causality,false,18,92796,40,75,1,0,"1,0",4,PASS,none,148,0,41,build/coherent/rtl_litmus_traces/wrc_18_rvfi.csv,build/coherent/rtl_litmus_traces/wrc_18_events.csv,build/coherent/rtl_litmus_traces/wrc_18_enriched.jsonl
WRC,write_read_causality,false,19,92927,55,75,0,0,"0,0",4,PASS,none,151,0,32,build/coherent/rtl_litmus_traces/wrc_19_rvfi.csv,build/coherent/rtl_litmus_traces/wrc_19_events.csv,build/coherent/rtl_litmus_traces/wrc_19_enriched.jsonl
WRC,write_read_causality,false,20,93058,0,0,0,0,"0,0",4,PASS,none,100,0,2,build/coherent/rtl_litmus_traces/wrc_20_rvfi.csv,build/coherent/rtl_litmus_traces/wrc_20_events.csv,build/coherent/rtl_litmus_traces/wrc_20_enriched.jsonl
WRC,write_read_causality,false,21,93189,10,0,0,0,"0,0",4,PASS,none,103,0,4,build/coherent/rtl_litmus_traces/wrc_21_rvfi.csv,build/coherent/rtl_litmus_traces/wrc_21_events.csv,build/coherent/rtl_litmus_traces/wrc_21_enriched.jsonl
WRC,write_read_causality,false,22,93320,25,0,0,0,"0,0",4,PASS,none,104,0,4,build/coherent/rtl_litmus_traces/wrc_22_rvfi.csv,build/coherent/rtl_litmus_traces/wrc_22_events.csv,build/coherent/rtl_litmus_traces/wrc_22_enriched.jsonl
WRC,write_read_causality,false,23,93451,40,0,0,0,"0,0",4,PASS,none,113,0,2,build/coherent/rtl_litmus_traces/wrc_23_rvfi.csv,build/coherent/rtl_litmus_traces/wrc_23_events.csv,build/coherent/rtl_litmus_traces/wrc_23_enriched.jsonl
WRC,write_read_causality,false,24,93582,55,0,0,0,"0,0",4,PASS,none,129,0,2,build/coherent/rtl_litmus_traces/wrc_24_rvfi.csv,build/coherent/rtl_litmus_traces/wrc_24_events.csv,build/coherent/rtl_litmus_traces/wrc_24_enriched.jsonl
WRC_FENCE,write_read_causality,true,0,94537,0,0,0,0,"0,0",4,PASS,none,110,0,4,build/coherent/rtl_litmus_traces/wrc_fence_00_rvfi.csv,build/coherent/rtl_litmus_traces/wrc_fence_00_events.csv,build/coherent/rtl_litmus_traces/wrc_fence_00_enriched.jsonl
WRC_FENCE,write_read_causality,true,1,94668,10,0,0,0,"0,0",4,PASS,none,113,0,5,build/coherent/rtl_litmus_traces/wrc_fence_01_rvfi.csv,build/coherent/rtl_litmus_traces/wrc_fence_01_events.csv,build/coherent/rtl_litmus_traces/wrc_fence_01_enriched.jsonl
WRC_FENCE,write_read_causality,true,2,94799,25,0,0,0,"0,0",4,PASS,none,117,0,5,build/coherent/rtl_litmus_traces/wrc_fence_02_rvfi.csv,build/coherent/rtl_litmus_traces/wrc_fence_02_events.csv,build/coherent/rtl_litmus_traces/wrc_fence_02_enriched.jsonl
WRC_FENCE,write_read_causality,true,3,94930,40,0,0,0,"0,0",4,PASS,none,121,0,4,build/coherent/rtl_litmus_traces/wrc_fence_03_rvfi.csv,build/coherent/rtl_litmus_traces/wrc_fence_03_events.csv,build/coherent/rtl_litmus_traces/wrc_fence_03_enriched.jsonl
WRC_FENCE,write_read_causality,true,4,95061,55,0,0,0,"0,0",4,PASS,none,137,0,5,build/coherent/rtl_litmus_traces/wrc_fence_04_rvfi.csv,build/coherent/rtl_litmus_traces/wrc_fence_04_events.csv,build/coherent/rtl_litmus_traces/wrc_fence_04_enriched.jsonl
WRC_FENCE,write_read_causality,true,5,95192,0,25,0,0,"0,0",4,PASS,none,110,0,5,build/coherent/rtl_litmus_traces/wrc_fence_05_rvfi.csv,build/coherent/rtl_litmus_traces/wrc_fence_05_events.csv,build/coherent/rtl_litmus_traces/wrc_fence_05_enriched.jsonl
WRC_FENCE,write_read_causality,true,6,95323,10,25,0,0,"0,0",4,PASS,none,119,0,17,build/coherent/rtl_litmus_traces/wrc_fence_06_rvfi.csv,build/coherent/rtl_litmus_traces/wrc_fence_06_events.csv,build/coherent/rtl_litmus_traces/wrc_fence_06_enriched.jsonl
WRC_FENCE,write_read_causality,true,7,95454,25,25,0,0,"0,0",4,PASS,none,120,0,12,build/coherent/rtl_litmus_traces/wrc_fence_07_rvfi.csv,build/coherent/rtl_litmus_traces/wrc_fence_07_events.csv,build/coherent/rtl_litmus_traces/wrc_fence_07_enriched.jsonl
WRC_FENCE,write_read_causality,true,8,95585,40,25,0,0,"0,0",4,PASS,none,136,0,11,build/coherent/rtl_litmus_traces/wrc_fence_08_rvfi.csv,build/coherent/rtl_litmus_traces/wrc_fence_08_events.csv,build/coherent/rtl_litmus_traces/wrc_fence_08_enriched.jsonl
WRC_FENCE,write_read_causality,true,9,95716,55,25,1,0,"1,0",4,PASS,none,151,0,7,build/coherent/rtl_litmus_traces/wrc_fence_09_rvfi.csv,build/coherent/rtl_litmus_traces/wrc_fence_09_events.csv,build/coherent/rtl_litmus_traces/wrc_fence_09_enriched.jsonl
WRC_FENCE,write_read_causality,true,10,95847,0,50,1,0,"1,0",4,PASS,none,134,0,32,build/coherent/rtl_litmus_traces/wrc_fence_10_rvfi.csv,build/coherent/rtl_litmus_traces/wrc_fence_10_events.csv,build/coherent/rtl_litmus_traces/wrc_fence_10_enriched.jsonl
WRC_FENCE,write_read_causality,true,11,95978,10,50,1,0,"1,0",4,PASS,none,134,0,24,build/coherent/rtl_litmus_traces/wrc_fence_11_rvfi.csv,build/coherent/rtl_litmus_traces/wrc_fence_11_events.csv,build/coherent/rtl_litmus_traces/wrc_fence_11_enriched.jsonl
WRC_FENCE,write_read_causality,true,12,96109,25,50,1,0,"1,0",4,PASS,none,153,0,45,build/coherent/rtl_litmus_traces/wrc_fence_12_rvfi.csv,build/coherent/rtl_litmus_traces/wrc_fence_12_events.csv,build/coherent/rtl_litmus_traces/wrc_fence_12_enriched.jsonl
WRC_FENCE,write_read_causality,true,13,96240,40,50,1,0,"1,0",4,PASS,none,146,0,31,build/coherent/rtl_litmus_traces/wrc_fence_13_rvfi.csv,build/coherent/rtl_litmus_traces/wrc_fence_13_events.csv,build/coherent/rtl_litmus_traces/wrc_fence_13_enriched.jsonl
WRC_FENCE,write_read_causality,true,14,96371,55,50,0,0,"0,0",4,PASS,none,146,0,17,build/coherent/rtl_litmus_traces/wrc_fence_14_rvfi.csv,build/coherent/rtl_litmus_traces/wrc_fence_14_events.csv,build/coherent/rtl_litmus_traces/wrc_fence_14_enriched.jsonl
WRC_FENCE,write_read_causality,true,15,96502,0,75,1,0,"1,0",4,PASS,none,149,0,68,build/coherent/rtl_litmus_traces/wrc_fence_15_rvfi.csv,build/coherent/rtl_litmus_traces/wrc_fence_15_events.csv,build/coherent/rtl_litmus_traces/wrc_fence_15_enriched.jsonl
WRC_FENCE,write_read_causality,true,16,96633,10,75,1,0,"1,0",4,PASS,none,167,0,82,build/coherent/rtl_litmus_traces/wrc_fence_16_rvfi.csv,build/coherent/rtl_litmus_traces/wrc_fence_16_events.csv,build/coherent/rtl_litmus_traces/wrc_fence_16_enriched.jsonl
WRC_FENCE,write_read_causality,true,17,96764,25,75,0,0,"0,0",4,PASS,none,132,0,66,build/coherent/rtl_litmus_traces/wrc_fence_17_rvfi.csv,build/coherent/rtl_litmus_traces/wrc_fence_17_events.csv,build/coherent/rtl_litmus_traces/wrc_fence_17_enriched.jsonl
WRC_FENCE,write_read_causality,true,18,96895,40,75,1,0,"1,0",4,PASS,none,158,0,36,build/coherent/rtl_litmus_traces/wrc_fence_18_rvfi.csv,build/coherent/rtl_litmus_traces/wrc_fence_18_events.csv,build/coherent/rtl_litmus_traces/wrc_fence_18_enriched.jsonl
WRC_FENCE,write_read_causality,true,19,97026,55,75,1,0,"1,0",4,PASS,none,176,0,53,build/coherent/rtl_litmus_traces/wrc_fence_19_rvfi.csv,build/coherent/rtl_litmus_traces/wrc_fence_19_events.csv,build/coherent/rtl_litmus_traces/wrc_fence_19_enriched.jsonl
WRC_FENCE,write_read_causality,true,20,97157,0,0,0,0,"0,0",4,PASS,none,110,0,4,build/coherent/rtl_litmus_traces/wrc_fence_20_rvfi.csv,build/coherent/rtl_litmus_traces/wrc_fence_20_events.csv,build/coherent/rtl_litmus_traces/wrc_fence_20_enriched.jsonl
WRC_FENCE,write_read_causality,true,21,97288,10,0,0,0,"0,0",4,PASS,none,115,0,5,build/coherent/rtl_litmus_traces/wrc_fence_21_rvfi.csv,build/coherent/rtl_litmus_traces/wrc_fence_21_events.csv,build/coherent/rtl_litmus_traces/wrc_fence_21_enriched.jsonl
WRC_FENCE,write_read_causality,true,22,97419,25,0,0,0,"0,0",4,PASS,none,118,0,10,build/coherent/rtl_litmus_traces/wrc_fence_22_rvfi.csv,build/coherent/rtl_litmus_traces/wrc_fence_22_events.csv,build/coherent/rtl_litmus_traces/wrc_fence_22_enriched.jsonl
WRC_FENCE,write_read_causality,true,23,97550,40,0,0,0,"0,0",4,PASS,none,128,0,5,build/coherent/rtl_litmus_traces/wrc_fence_23_rvfi.csv,build/coherent/rtl_litmus_traces/wrc_fence_23_events.csv,build/coherent/rtl_litmus_traces/wrc_fence_23_enriched.jsonl
WRC_FENCE,write_read_causality,true,24,97681,55,0,0,0,"0,0",4,PASS,none,144,0,4,build/coherent/rtl_litmus_traces/wrc_fence_24_rvfi.csv,build/coherent/rtl_litmus_traces/wrc_fence_24_events.csv,build/coherent/rtl_litmus_traces/wrc_fence_24_enriched.jsonl
