litmus,family,fenced,schedule,seed,r0,r1,outcome,oracle,status,forbidden,invariant_failure,trace
SB,store_buffering,false,0,19628,1,0,"1,0",pinned_rvwmo_predicate,PASS,false,none,build/coherent/litmus_traces/sb_00.jsonl
SB,store_buffering,false,1,19725,0,1,"0,1",pinned_rvwmo_predicate,PASS,false,none,build/coherent/litmus_traces/sb_01.jsonl
SB,store_buffering,false,2,19822,0,0,"0,0",pinned_rvwmo_predicate,PASS,false,none,build/coherent/litmus_traces/sb_02.jsonl
SB,store_buffering,false,3,19919,1,0,"1,0",pinned_rvwmo_predicate,PASS,false,none,build/coherent/litmus_traces/sb_03.jsonl
SB,store_buffering,false,4,20016,0,1,"0,1",pinned_rvwmo_predicate,PASS,false,none,build/coherent/litmus_traces/sb_04.jsonl
SB,store_buffering,false,5,20113,0,0,"0,0",pinned_rvwmo_predicate,PASS,false,none,build/coherent/litmus_traces/sb_05.jsonl
SB,store_buffering,false,6,20210,1,1,"1,1",pinned_rvwmo_predicate,PASS,false,none,build/coherent/litmus_traces/sb_06.jsonl
SB,store_buffering,false,7,20307,1,1,"1,1",pinned_rvwmo_predicate,PASS,false,none,build/coherent/litmus_traces/sb_07.jsonl
SB,store_buffering,false,8,20404,1,0,"1,0",pinned_rvwmo_predicate,PASS,false,none,build/coherent/litmus_traces/sb_08.jsonl
SB,store_buffering,false,9,20501,0,0,"0,0",pinned_rvwmo_predicate,PASS,false,none,build/coherent/litmus_traces/sb_09.jsonl
SB,store_buffering,false,10,20598,1,0,"1,0",pinned_rvwmo_predicate,PASS,false,none,build/coherent/litmus_traces/sb_10.jsonl
SB,store_buffering,false,11,20695,1,0,"1,0",pinned_rvwmo_predicate,PASS,false,none,build/coherent/litmus_traces/sb_11.jsonl
SB,store_buffering,false,12,20792,1,0,"1,0",pinned_rvwmo_predicate,PASS,false,none,build/coherent/litmus_traces/sb_12.jsonl
SB,store_buffering,false,13,20889,0,1,"0,1",pinned_rvwmo_predicate,PASS,false,none,build/coherent/litmus_traces/sb_13.jsonl
SB,store_buffering,false,14,20986,0,1,"0,1",pinned_rvwmo_predicate,PASS,false,none,build/coherent/litmus_traces/sb_14.jsonl
SB,store_buffering,false,15,21083,0,1,"0,1",pinned_rvwmo_predicate,PASS,false,none,build/coherent/litmus_traces/sb_15.jsonl
SB,store_buffering,false,16,21180,0,1,"0,1",pinned_rvwmo_predicate,PASS,false,none,build/coherent/litmus_traces/sb_16.jsonl
SB,store_buffering,false,17,21277,1,0,"1,0",pinned_rvwmo_predicate,PASS,false,none,build/coherent/litmus_traces/sb_17.jsonl
SB,store_buffering,false,18,21374,0,0,"0,0",pinned_rvwmo_predicate,PASS,false,none,build/coherent/litmus_traces/sb_18.jsonl
SB,store_buffering,false,19,21471,1,1,"1,1",pinned_rvwmo_predicate,PASS,false,none,build/coherent/litmus_traces/sb_19.jsonl
SB,store_buffering,false,20,21568,1,0,"1,0",pinned_rvwmo_predicate,PASS,false,none,build/coherent/litmus_traces/sb_20.jsonl
SB,store_buffering,false,21,21665,1,0,"1,0",pinned_rvwmo_predicate,PASS,false,none,build/coherent/litmus_traces/sb_21.jsonl
SB,store_buffering,false,22,21762,1,0,"1,0",pinned_rvwmo_predicate,PASS,false,none,build/coherent/litmus_traces/sb_22.jsonl
SB,store_buffering,false,23,21859,0,1,"0,1",pinned_rvwmo_predicate,PASS,false,none,build/coherent/litmus_traces/sb_23.jsonl
SB,store_buffering,false,24,21956,0,1,"0,1",pinned_rvwmo_predicate,PASS,false,none,build/coherent/litmus_traces/sb_24.jsonl
SB_FENCE,store_buffering,true,0,20076,1,1,"1,1",pinned_rvwmo_predicate,PASS,false,none,build/coherent/litmus_traces/sb_fence_00.jsonl
SB_FENCE,store_buffering,true,1,20173,1,1,"1,1",pinned_rvwmo_predicate,PASS,false,none,build/coherent/litmus_traces/sb_fence_01.jsonl
SB_FENCE,store_buffering,true,2,20270,1,1,"1,1",pinned_rvwmo_predicate,PASS,false,none,build/coherent/litmus_traces/sb_fence_02.jsonl
SB_FENCE,store_buffering,true,3,20367,1,1,"1,1",pinned_rvwmo_predicate,PASS,false,none,build/coherent/litmus_traces/sb_fence_03.jsonl
SB_FENCE,store_buffering,true,4,20464,1,1,"1,1",pinned_rvwmo_predicate,PASS,false,none,build/coherent/litmus_traces/sb_fence_04.jsonl
SB_FENCE,store_buffering,true,5,20561,1,1,"1,1",pinned_rvwmo_predicate,PASS,false,none,build/coherent/litmus_traces/sb_fence_05.jsonl
SB_FENCE,store_buffering,true,6,20658,1,1,"1,1",pinned_rvwmo_predicate,PASS,false,none,build/coherent/litmus_traces/sb_fence_06.jsonl
SB_FENCE,store_buffering,true,7,20755,1,1,"1,1",pinned_rvwmo_predicate,PASS,false,none,build/coherent/litmus_traces/sb_fence_07.jsonl
SB_FENCE,store_buffering,true,8,20852,1,1,"1,1",pinned_rvwmo_predicate,PASS,false,none,build/coherent/litmus_traces/sb_fence_08.jsonl
SB_FENCE,store_buffering,true,9,20949,0,1,"0,1",pinned_rvwmo_predicate,PASS,false,none,build/coherent/litmus_traces/sb_fence_09.jsonl
SB_FENCE,store_buffering,true,10,21046,1,0,"1,0",pinned_rvwmo_predicate,PASS,false,none,build/coherent/litmus_traces/sb_fence_10.jsonl
SB_FENCE,store_buffering,true,11,21143,1,1,"1,1",pinned_rvwmo_predicate,PASS,false,none,build/coherent/litmus_traces/sb_fence_11.jsonl
SB_FENCE,store_buffering,true,12,21240,0,1,"0,1",pinned_rvwmo_predicate,PASS,false,none,build/coherent/litmus_traces/sb_fence_12.jsonl
SB_FENCE,store_buffering,true,13,21337,1,0,"1,0",pinned_rvwmo_predicate,PASS,false,none,build/coherent/litmus_traces/sb_fence_13.jsonl
SB_FENCE,store_buffering,true,14,21434,1,1,"1,1",pinned_rvwmo_predicate,PASS,false,none,build/coherent/litmus_traces/sb_fence_14.jsonl
SB_FENCE,store_buffering,true,15,21531,1,1,"1,1",pinned_rvwmo_predicate,PASS,false,none,build/coherent/litmus_traces/sb_fence_15.jsonl
SB_FENCE,store_buffering,true,16,21628,1,0,"1,0",pinned_rvwmo_predicate,PASS,false,none,build/coherent/litmus_traces/sb_fence_16.jsonl
SB_FENCE,store_buffering,true,17,21725,1,1,"1,1",pinned_rvwmo_predicate,PASS,false,none,build/coherent/litmus_traces/sb_fence_17.jsonl
SB_FENCE,store_buffering,true,18,21822,1,1,"1,1",pinned_rvwmo_predicate,PASS,false,none,build/coherent/litmus_traces/sb_fence_18.jsonl
SB_FENCE,store_buffering,true,19,21919,1,1,"1,1",pinned_rvwmo_predicate,PASS,false,none,build/coherent/litmus_traces/sb_fence_19.jsonl
SB_FENCE,store_buffering,true,20,22016,1,1,"1,1",pinned_rvwmo_predicate,PASS,false,none,build/coherent/litmus_traces/sb_fence_20.jsonl
SB_FENCE,store_buffering,true,21,22113,1,1,"1,1",pinned_rvwmo_predicate,PASS,false,none,build/coherent/litmus_traces/sb_fence_21.jsonl
SB_FENCE,store_buffering,true,22,22210,1,1,"1,1",pinned_rvwmo_predicate,PASS,false,none,build/coherent/litmus_traces/sb_fence_22.jsonl
SB_FENCE,store_buffering,true,23,22307,1,0,"1,0",pinned_rvwmo_predicate,PASS,false,none,build/coherent/litmus_traces/sb_fence_23.jsonl
SB_FENCE,store_buffering,true,24,22404,1,1,"1,1",pinned_rvwmo_predicate,PASS,false,none,build/coherent/litmus_traces/sb_fence_24.jsonl
MP,message_passing,false,0,19636,0,1,"0,1",pinned_rvwmo_predicate,PASS,false,none,build/coherent/litmus_traces/mp_00.jsonl
MP,message_passing,false,1,19733,0,0,"0,0",pinned_rvwmo_predicate,PASS,false,none,build/coherent/litmus_traces/mp_01.jsonl
MP,message_passing,false,2,19830,0,0,"0,0",pinned_rvwmo_predicate,PASS,false,none,build/coherent/litmus_traces/mp_02.jsonl
MP,message_passing,false,3,19927,0,1,"0,1",pinned_rvwmo_predicate,PASS,false,none,build/coherent/litmus_traces/mp_03.jsonl
MP,message_passing,false,4,20024,0,0,"0,0",pinned_rvwmo_predicate,PASS,false,none,build/coherent/litmus_traces/mp_04.jsonl
MP,message_passing,false,5,20121,0,0,"0,0",pinned_rvwmo_predicate,PASS,false,none,build/coherent/litmus_traces/mp_05.jsonl
MP,message_passing,false,6,20218,0,0,"0,0",pinned_rvwmo_predicate,PASS,false,none,build/coherent/litmus_traces/mp_06.jsonl
MP,message_passing,false,7,20315,0,1,"0,1",pinned_rvwmo_predicate,PASS,false,none,build/coherent/litmus_traces/mp_07.jsonl
MP,message_passing,false,8,20412,0,0,"0,0",pinned_rvwmo_predicate,PASS,false,none,build/coherent/litmus_traces/mp_08.jsonl
MP,message_passing,false,9,20509,0,1,"0,1",pinned_rvwmo_predicate,PASS,false,none,build/coherent/litmus_traces/mp_09.jsonl
MP,message_passing,false,10,20606,0,0,"0,0",pinned_rvwmo_predicate,PASS,false,none,build/coherent/litmus_traces/mp_10.jsonl
MP,message_passing,false,11,20703,0,0,"0,0",pinned_rvwmo_predicate,PASS,false,none,build/coherent/litmus_traces/mp_11.jsonl
MP,message_passing,false,12,20800,0,0,"0,0",pinned_rvwmo_predicate,PASS,false,none,build/coherent/litmus_traces/mp_12.jsonl
MP,message_passing,false,13,20897,0,0,"0,0",pinned_rvwmo_predicate,PASS,false,none,build/coherent/litmus_traces/mp_13.jsonl
MP,message_passing,false,14,20994,0,1,"0,1",pinned_rvwmo_predicate,PASS,false,none,build/coherent/litmus_traces/mp_14.jsonl
MP,message_passing,false,15,21091,0,1,"0,1",pinned_rvwmo_predicate,PASS,false,none,build/coherent/litmus_traces/mp_15.jsonl
MP,message_passing,false,16,21188,0,0,"0,0",pinned_rvwmo_predicate,PASS,false,none,build/coherent/litmus_traces/mp_16.jsonl
MP,message_passing,false,17,21285,0,0,"0,0",pinned_rvwmo_predicate,PASS,false,none,build/coherent/litmus_traces/mp_17.jsonl
MP,message_passing,false,18,21382,0,1,"0,1",pinned_rvwmo_predicate,PASS,false,none,build/coherent/litmus_traces/mp_18.jsonl
MP,message_passing,false,19,21479,0,1,"0,1",pinned_rvwmo_predicate,PASS,false,none,build/coherent/litmus_traces/mp_19.jsonl
MP,message_passing,false,20,21576,0,0,"0,0",pinned_rvwmo_predicate,PASS,false,none,build/coherent/litmus_traces/mp_20.jsonl
MP,message_passing,false,21,21673,0,1,"0,1",pinned_rvwmo_predicate,PASS,false,none,build/coherent/litmus_traces/mp_21.jsonl
MP,message_passing,false,22,21770,0,0,"0,0",pinned_rvwmo_predicate,PASS,false,none,build/coherent/litmus_traces/mp_22.jsonl
MP,message_passing,false,23,21867,0,0,"0,0",pinned_rvwmo_predicate,PASS,false,none,build/coherent/litmus_traces/mp_23.jsonl
MP,message_passing,false,24,21964,0,0,"0,0",pinned_rvwmo_predicate,PASS,false,none,build/coherent/litmus_traces/mp_24.jsonl
MP_FENCE,message_passing,true,0,20084,0,1,"0,1",pinned_rvwmo_predicate,PASS,false,none,build/coherent/litmus_traces/mp_fence_00.jsonl
MP_FENCE,message_passing,true,1,20181,0,0,"0,0",pinned_rvwmo_predicate,PASS,false,none,build/coherent/litmus_traces/mp_fence_01.jsonl
MP_FENCE,message_passing,true,2,20278,0,0,"0,0",pinned_rvwmo_predicate,PASS,false,none,build/coherent/litmus_traces/mp_fence_02.jsonl
MP_FENCE,message_passing,true,3,20375,0,0,"0,0",pinned_rvwmo_predicate,PASS,false,none,build/coherent/litmus_traces/mp_fence_03.jsonl
MP_FENCE,message_passing,true,4,20472,0,0,"0,0",pinned_rvwmo_predicate,PASS,false,none,build/coherent/litmus_traces/mp_fence_04.jsonl
MP_FENCE,message_passing,true,5,20569,0,0,"0,0",pinned_rvwmo_predicate,PASS,false,none,build/coherent/litmus_traces/mp_fence_05.jsonl
MP_FENCE,message_passing,true,6,20666,0,1,"0,1",pinned_rvwmo_predicate,PASS,false,none,build/coherent/litmus_traces/mp_fence_06.jsonl
MP_FENCE,message_passing,true,7,20763,0,1,"0,1",pinned_rvwmo_predicate,PASS,false,none,build/coherent/litmus_traces/mp_fence_07.jsonl
MP_FENCE,message_passing,true,8,20860,0,1,"0,1",pinned_rvwmo_predicate,PASS,false,none,build/coherent/litmus_traces/mp_fence_08.jsonl
MP_FENCE,message_passing,true,9,20957,0,1,"0,1",pinned_rvwmo_predicate,PASS,false,none,build/coherent/litmus_traces/mp_fence_09.jsonl
MP_FENCE,message_passing,true,10,21054,0,0,"0,0",pinned_rvwmo_predicate,PASS,false,none,build/coherent/litmus_traces/mp_fence_10.jsonl
MP_FENCE,message_passing,true,11,21151,0,1,"0,1",pinned_rvwmo_predicate,PASS,false,none,build/coherent/litmus_traces/mp_fence_11.jsonl
MP_FENCE,message_passing,true,12,21248,0,1,"0,1",pinned_rvwmo_predicate,PASS,false,none,build/coherent/litmus_traces/mp_fence_12.jsonl
MP_FENCE,message_passing,true,13,21345,0,0,"0,0",pinned_rvwmo_predicate,PASS,false,none,build/coherent/litmus_traces/mp_fence_13.jsonl
MP_FENCE,message_passing,true,14,21442,0,0,"0,0",pinned_rvwmo_predicate,PASS,false,none,build/coherent/litmus_traces/mp_fence_14.jsonl
MP_FENCE,message_passing,true,15,21539,0,1,"0,1",pinned_rvwmo_predicate,PASS,false,none,build/coherent/litmus_traces/mp_fence_15.jsonl
MP_FENCE,message_passing,true,16,21636,0,1,"0,1",pinned_rvwmo_predicate,PASS,false,none,build/coherent/litmus_traces/mp_fence_16.jsonl
MP_FENCE,message_passing,true,17,21733,0,0,"0,0",pinned_rvwmo_predicate,PASS,false,none,build/coherent/litmus_traces/mp_fence_17.jsonl
MP_FENCE,message_passing,true,18,21830,0,1,"0,1",pinned_rvwmo_predicate,PASS,false,none,build/coherent/litmus_traces/mp_fence_18.jsonl
MP_FENCE,message_passing,true,19,21927,0,1,"0,1",pinned_rvwmo_predicate,PASS,false,none,build/coherent/litmus_traces/mp_fence_19.jsonl
MP_FENCE,message_passing,true,20,22024,0,0,"0,0",pinned_rvwmo_predicate,PASS,false,none,build/coherent/litmus_traces/mp_fence_20.jsonl
MP_FENCE,message_passing,true,21,22121,0,1,"0,1",pinned_rvwmo_predicate,PASS,false,none,build/coherent/litmus_traces/mp_fence_21.jsonl
MP_FENCE,message_passing,true,22,22218,0,1,"0,1",pinned_rvwmo_predicate,PASS,false,none,build/coherent/litmus_traces/mp_fence_22.jsonl
MP_FENCE,message_passing,true,23,22315,0,1,"0,1",pinned_rvwmo_predicate,PASS,false,none,build/coherent/litmus_traces/mp_fence_23.jsonl
MP_FENCE,message_passing,true,24,22412,0,1,"0,1",pinned_rvwmo_predicate,PASS,false,none,build/coherent/litmus_traces/mp_fence_24.jsonl
LB,load_buffering,false,0,19621,0,0,"0,0",pinned_rvwmo_predicate,PASS,false,none,build/coherent/litmus_traces/lb_00.jsonl
LB,load_buffering,false,1,19718,0,1,"0,1",pinned_rvwmo_predicate,PASS,false,none,build/coherent/litmus_traces/lb_01.jsonl
LB,load_buffering,false,2,19815,0,0,"0,0",pinned_rvwmo_predicate,PASS,false,none,build/coherent/litmus_traces/lb_02.jsonl
LB,load_buffering,false,3,19912,0,0,"0,0",pinned_rvwmo_predicate,PASS,false,none,build/coherent/litmus_traces/lb_03.jsonl
LB,load_buffering,false,4,20009,0,0,"0,0",pinned_rvwmo_predicate,PASS,false,none,build/coherent/litmus_traces/lb_04.jsonl
LB,load_buffering,false,5,20106,0,0,"0,0",pinned_rvwmo_predicate,PASS,false,none,build/coherent/litmus_traces/lb_05.jsonl
LB,load_buffering,false,6,20203,0,0,"0,0",pinned_rvwmo_predicate,PASS,false,none,build/coherent/litmus_traces/lb_06.jsonl
LB,load_buffering,false,7,20300,0,0,"0,0",pinned_rvwmo_predicate,PASS,false,none,build/coherent/litmus_traces/lb_07.jsonl
LB,load_buffering,false,8,20397,0,0,"0,0",pinned_rvwmo_predicate,PASS,false,none,build/coherent/litmus_traces/lb_08.jsonl
LB,load_buffering,false,9,20494,0,0,"0,0",pinned_rvwmo_predicate,PASS,false,none,build/coherent/litmus_traces/lb_09.jsonl
LB,load_buffering,false,10,20591,0,0,"0,0",pinned_rvwmo_predicate,PASS,false,none,build/coherent/litmus_traces/lb_10.jsonl
LB,load_buffering,false,11,20688,0,0,"0,0",pinned_rvwmo_predicate,PASS,false,none,build/coherent/litmus_traces/lb_11.jsonl
LB,load_buffering,false,12,20785,0,0,"0,0",pinned_rvwmo_predicate,PASS,false,none,build/coherent/litmus_traces/lb_12.jsonl
LB,load_buffering,false,13,20882,0,0,"0,0",pinned_rvwmo_predicate,PASS,false,none,build/coherent/litmus_traces/lb_13.jsonl
LB,load_buffering,false,14,20979,0,1,"0,1",pinned_rvwmo_predicate,PASS,false,none,build/coherent/litmus_traces/lb_14.jsonl
LB,load_buffering,false,15,21076,0,0,"0,0",pinned_rvwmo_predicate,PASS,false,none,build/coherent/litmus_traces/lb_15.jsonl
LB,load_buffering,false,16,21173,0,1,"0,1",pinned_rvwmo_predicate,PASS,false,none,build/coherent/litmus_traces/lb_16.jsonl
LB,load_buffering,false,17,21270,0,0,"0,0",pinned_rvwmo_predicate,PASS,false,none,build/coherent/litmus_traces/lb_17.jsonl
LB,load_buffering,false,18,21367,0,1,"0,1",pinned_rvwmo_predicate,PASS,false,none,build/coherent/litmus_traces/lb_18.jsonl
LB,load_buffering,false,19,21464,0,1,"0,1",pinned_rvwmo_predicate,PASS,false,none,build/coherent/litmus_traces/lb_19.jsonl
LB,load_buffering,false,20,21561,0,0,"0,0",pinned_rvwmo_predicate,PASS,false,none,build/coherent/litmus_traces/lb_20.jsonl
LB,load_buffering,false,21,21658,0,1,"0,1",pinned_rvwmo_predicate,PASS,false,none,build/coherent/litmus_traces/lb_21.jsonl
LB,load_buffering,false,22,21755,0,1,"0,1",pinned_rvwmo_predicate,PASS,false,none,build/coherent/litmus_traces/lb_22.jsonl
LB,load_buffering,false,23,21852,0,0,"0,0",pinned_rvwmo_predicate,PASS,false,none,build/coherent/litmus_traces/lb_23.jsonl
LB,load_buffering,false,24,21949,0,1,"0,1",pinned_rvwmo_predicate,PASS,false,none,build/coherent/litmus_traces/lb_24.jsonl
LB_FENCE,load_buffering,true,0,20069,0,0,"0,0",pinned_rvwmo_predicate,PASS,false,none,build/coherent/litmus_traces/lb_fence_00.jsonl
LB_FENCE,load_buffering,true,1,20166,0,0,"0,0",pinned_rvwmo_predicate,PASS,false,none,build/coherent/litmus_traces/lb_fence_01.jsonl
LB_FENCE,load_buffering,true,2,20263,1,0,"1,0",pinned_rvwmo_predicate,PASS,false,none,build/coherent/litmus_traces/lb_fence_02.jsonl
LB_FENCE,load_buffering,true,3,20360,0,0,"0,0",pinned_rvwmo_predicate,PASS,false,none,build/coherent/litmus_traces/lb_fence_03.jsonl
LB_FENCE,load_buffering,true,4,20457,0,0,"0,0",pinned_rvwmo_predicate,PASS,false,none,build/coherent/litmus_traces/lb_fence_04.jsonl
LB_FENCE,load_buffering,true,5,20554,1,0,"1,0",pinned_rvwmo_predicate,PASS,false,none,build/coherent/litmus_traces/lb_fence_05.jsonl
LB_FENCE,load_buffering,true,6,20651,0,0,"0,0",pinned_rvwmo_predicate,PASS,false,none,build/coherent/litmus_traces/lb_fence_06.jsonl
LB_FENCE,load_buffering,true,7,20748,0,0,"0,0",pinned_rvwmo_predicate,PASS,false,none,build/coherent/litmus_traces/lb_fence_07.jsonl
LB_FENCE,load_buffering,true,8,20845,0,0,"0,0",pinned_rvwmo_predicate,PASS,false,none,build/coherent/litmus_traces/lb_fence_08.jsonl
LB_FENCE,load_buffering,true,9,20942,0,0,"0,0",pinned_rvwmo_predicate,PASS,false,none,build/coherent/litmus_traces/lb_fence_09.jsonl
LB_FENCE,load_buffering,true,10,21039,0,0,"0,0",pinned_rvwmo_predicate,PASS,false,none,build/coherent/litmus_traces/lb_fence_10.jsonl
LB_FENCE,load_buffering,true,11,21136,0,1,"0,1",pinned_rvwmo_predicate,PASS,false,none,build/coherent/litmus_traces/lb_fence_11.jsonl
LB_FENCE,load_buffering,true,12,21233,0,0,"0,0",pinned_rvwmo_predicate,PASS,false,none,build/coherent/litmus_traces/lb_fence_12.jsonl
LB_FENCE,load_buffering,true,13,21330,0,0,"0,0",pinned_rvwmo_predicate,PASS,false,none,build/coherent/litmus_traces/lb_fence_13.jsonl
LB_FENCE,load_buffering,true,14,21427,0,0,"0,0",pinned_rvwmo_predicate,PASS,false,none,build/coherent/litmus_traces/lb_fence_14.jsonl
LB_FENCE,load_buffering,true,15,21524,0,0,"0,0",pinned_rvwmo_predicate,PASS,false,none,build/coherent/litmus_traces/lb_fence_15.jsonl
LB_FENCE,load_buffering,true,16,21621,0,0,"0,0",pinned_rvwmo_predicate,PASS,false,none,build/coherent/litmus_traces/lb_fence_16.jsonl
LB_FENCE,load_buffering,true,17,21718,0,0,"0,0",pinned_rvwmo_predicate,PASS,false,none,build/coherent/litmus_traces/lb_fence_17.jsonl
LB_FENCE,load_buffering,true,18,21815,0,0,"0,0",pinned_rvwmo_predicate,PASS,false,none,build/coherent/litmus_traces/lb_fence_18.jsonl
LB_FENCE,load_buffering,true,19,21912,1,0,"1,0",pinned_rvwmo_predicate,PASS,false,none,build/coherent/litmus_traces/lb_fence_19.jsonl
LB_FENCE,load_buffering,true,20,22009,0,0,"0,0",pinned_rvwmo_predicate,PASS,false,none,build/coherent/litmus_traces/lb_fence_20.jsonl
LB_FENCE,load_buffering,true,21,22106,0,0,"0,0",pinned_rvwmo_predicate,PASS,false,none,build/coherent/litmus_traces/lb_fence_21.jsonl
LB_FENCE,load_buffering,true,22,22203,0,1,"0,1",pinned_rvwmo_predicate,PASS,false,none,build/coherent/litmus_traces/lb_fence_22.jsonl
LB_FENCE,load_buffering,true,23,22300,0,0,"0,0",pinned_rvwmo_predicate,PASS,false,none,build/coherent/litmus_traces/lb_fence_23.jsonl
LB_FENCE,load_buffering,true,24,22397,0,0,"0,0",pinned_rvwmo_predicate,PASS,false,none,build/coherent/litmus_traces/lb_fence_24.jsonl
RW,read_write,false,0,19648,1,0,"1,0",pinned_rvwmo_predicate,PASS,false,none,build/coherent/litmus_traces/rw_00.jsonl
RW,read_write,false,1,19745,1,0,"1,0",pinned_rvwmo_predicate,PASS,false,none,build/coherent/litmus_traces/rw_01.jsonl
RW,read_write,false,2,19842,0,1,"0,1",pinned_rvwmo_predicate,PASS,false,none,build/coherent/litmus_traces/rw_02.jsonl
RW,read_write,false,3,19939,0,1,"0,1",pinned_rvwmo_predicate,PASS,false,none,build/coherent/litmus_traces/rw_03.jsonl
RW,read_write,false,4,20036,0,0,"0,0",pinned_rvwmo_predicate,PASS,false,none,build/coherent/litmus_traces/rw_04.jsonl
RW,read_write,false,5,20133,0,0,"0,0",pinned_rvwmo_predicate,PASS,false,none,build/coherent/litmus_traces/rw_05.jsonl
RW,read_write,false,6,20230,1,0,"1,0",pinned_rvwmo_predicate,PASS,false,none,build/coherent/litmus_traces/rw_06.jsonl
RW,read_write,false,7,20327,1,0,"1,0",pinned_rvwmo_predicate,PASS,false,none,build/coherent/litmus_traces/rw_07.jsonl
RW,read_write,false,8,20424,0,0,"0,0",pinned_rvwmo_predicate,PASS,false,none,build/coherent/litmus_traces/rw_08.jsonl
RW,read_write,false,9,20521,1,1,"1,1",pinned_rvwmo_predicate,PASS,false,none,build/coherent/litmus_traces/rw_09.jsonl
RW,read_write,false,10,20618,1,0,"1,0",pinned_rvwmo_predicate,PASS,false,none,build/coherent/litmus_traces/rw_10.jsonl
RW,read_write,false,11,20715,0,1,"0,1",pinned_rvwmo_predicate,PASS,false,none,build/coherent/litmus_traces/rw_11.jsonl
RW,read_write,false,12,20812,0,0,"0,0",pinned_rvwmo_predicate,PASS,false,none,build/coherent/litmus_traces/rw_12.jsonl
RW,read_write,false,13,20909,1,1,"1,1",pinned_rvwmo_predicate,PASS,false,none,build/coherent/litmus_traces/rw_13.jsonl
RW,read_write,false,14,21006,0,1,"0,1",pinned_rvwmo_predicate,PASS,false,none,build/coherent/litmus_traces/rw_14.jsonl
RW,read_write,false,15,21103,0,0,"0,0",pinned_rvwmo_predicate,PASS,false,none,build/coherent/litmus_traces/rw_15.jsonl
RW,read_write,false,16,21200,0,0,"0,0",pinned_rvwmo_predicate,PASS,false,none,build/coherent/litmus_traces/rw_16.jsonl
RW,read_write,false,17,21297,0,0,"0,0",pinned_rvwmo_predicate,PASS,false,none,build/coherent/litmus_traces/rw_17.jsonl
RW,read_write,false,18,21394,0,0,"0,0",pinned_rvwmo_predicate,PASS,false,none,build/coherent/litmus_traces/rw_18.jsonl
RW,read_write,false,19,21491,1,0,"1,0",pinned_rvwmo_predicate,PASS,false,none,build/coherent/litmus_traces/rw_19.jsonl
RW,read_write,false,20,21588,0,1,"0,1",pinned_rvwmo_predicate,PASS,false,none,build/coherent/litmus_traces/rw_20.jsonl
RW,read_write,false,21,21685,0,0,"0,0",pinned_rvwmo_predicate,PASS,false,none,build/coherent/litmus_traces/rw_21.jsonl
RW,read_write,false,22,21782,0,0,"0,0",pinned_rvwmo_predicate,PASS,false,none,build/coherent/litmus_traces/rw_22.jsonl
RW,read_write,false,23,21879,1,0,"1,0",pinned_rvwmo_predicate,PASS,false,none,build/coherent/litmus_traces/rw_23.jsonl
RW,read_write,false,24,21976,0,1,"0,1",pinned_rvwmo_predicate,PASS,false,none,build/coherent/litmus_traces/rw_24.jsonl
RW_FENCE,read_write,true,0,20096,0,1,"0,1",pinned_rvwmo_predicate,PASS,false,none,build/coherent/litmus_traces/rw_fence_00.jsonl
RW_FENCE,read_write,true,1,20193,0,0,"0,0",pinned_rvwmo_predicate,PASS,false,none,build/coherent/litmus_traces/rw_fence_01.jsonl
RW_FENCE,read_write,true,2,20290,0,0,"0,0",pinned_rvwmo_predicate,PASS,false,none,build/coherent/litmus_traces/rw_fence_02.jsonl
RW_FENCE,read_write,true,3,20387,1,0,"1,0",pinned_rvwmo_predicate,PASS,false,none,build/coherent/litmus_traces/rw_fence_03.jsonl
RW_FENCE,read_write,true,4,20484,0,1,"0,1",pinned_rvwmo_predicate,PASS,false,none,build/coherent/litmus_traces/rw_fence_04.jsonl
RW_FENCE,read_write,true,5,20581,0,1,"0,1",pinned_rvwmo_predicate,PASS,false,none,build/coherent/litmus_traces/rw_fence_05.jsonl
RW_FENCE,read_write,true,6,20678,0,1,"0,1",pinned_rvwmo_predicate,PASS,false,none,build/coherent/litmus_traces/rw_fence_06.jsonl
RW_FENCE,read_write,true,7,20775,0,0,"0,0",pinned_rvwmo_predicate,PASS,false,none,build/coherent/litmus_traces/rw_fence_07.jsonl
RW_FENCE,read_write,true,8,20872,0,0,"0,0",pinned_rvwmo_predicate,PASS,false,none,build/coherent/litmus_traces/rw_fence_08.jsonl
RW_FENCE,read_write,true,9,20969,1,0,"1,0",pinned_rvwmo_predicate,PASS,false,none,build/coherent/litmus_traces/rw_fence_09.jsonl
RW_FENCE,read_write,true,10,21066,0,0,"0,0",pinned_rvwmo_predicate,PASS,false,none,build/coherent/litmus_traces/rw_fence_10.jsonl
RW_FENCE,read_write,true,11,21163,0,1,"0,1",pinned_rvwmo_predicate,PASS,false,none,build/coherent/litmus_traces/rw_fence_11.jsonl
RW_FENCE,read_write,true,12,21260,1,1,"1,1",pinned_rvwmo_predicate,PASS,false,none,build/coherent/litmus_traces/rw_fence_12.jsonl
RW_FENCE,read_write,true,13,21357,0,1,"0,1",pinned_rvwmo_predicate,PASS,false,none,build/coherent/litmus_traces/rw_fence_13.jsonl
RW_FENCE,read_write,true,14,21454,0,0,"0,0",pinned_rvwmo_predicate,PASS,false,none,build/coherent/litmus_traces/rw_fence_14.jsonl
RW_FENCE,read_write,true,15,21551,0,1,"0,1",pinned_rvwmo_predicate,PASS,false,none,build/coherent/litmus_traces/rw_fence_15.jsonl
RW_FENCE,read_write,true,16,21648,0,1,"0,1",pinned_rvwmo_predicate,PASS,false,none,build/coherent/litmus_traces/rw_fence_16.jsonl
RW_FENCE,read_write,true,17,21745,1,0,"1,0",pinned_rvwmo_predicate,PASS,false,none,build/coherent/litmus_traces/rw_fence_17.jsonl
RW_FENCE,read_write,true,18,21842,0,1,"0,1",pinned_rvwmo_predicate,PASS,false,none,build/coherent/litmus_traces/rw_fence_18.jsonl
RW_FENCE,read_write,true,19,21939,0,1,"0,1",pinned_rvwmo_predicate,PASS,false,none,build/coherent/litmus_traces/rw_fence_19.jsonl
RW_FENCE,read_write,true,20,22036,0,0,"0,0",pinned_rvwmo_predicate,PASS,false,none,build/coherent/litmus_traces/rw_fence_20.jsonl
RW_FENCE,read_write,true,21,22133,1,0,"1,0",pinned_rvwmo_predicate,PASS,false,none,build/coherent/litmus_traces/rw_fence_21.jsonl
RW_FENCE,read_write,true,22,22230,0,0,"0,0",pinned_rvwmo_predicate,PASS,false,none,build/coherent/litmus_traces/rw_fence_22.jsonl
RW_FENCE,read_write,true,23,22327,1,0,"1,0",pinned_rvwmo_predicate,PASS,false,none,build/coherent/litmus_traces/rw_fence_23.jsonl
RW_FENCE,read_write,true,24,22424,1,0,"1,0",pinned_rvwmo_predicate,PASS,false,none,build/coherent/litmus_traces/rw_fence_24.jsonl
WR,write_read,false,0,19648,1,1,"1,1",pinned_rvwmo_predicate,PASS,false,none,build/coherent/litmus_traces/wr_00.jsonl
WR,write_read,false,1,19745,1,1,"1,1",pinned_rvwmo_predicate,PASS,false,none,build/coherent/litmus_traces/wr_01.jsonl
WR,write_read,false,2,19842,1,1,"1,1",pinned_rvwmo_predicate,PASS,false,none,build/coherent/litmus_traces/wr_02.jsonl
WR,write_read,false,3,19939,1,1,"1,1",pinned_rvwmo_predicate,PASS,false,none,build/coherent/litmus_traces/wr_03.jsonl
WR,write_read,false,4,20036,1,1,"1,1",pinned_rvwmo_predicate,PASS,false,none,build/coherent/litmus_traces/wr_04.jsonl
WR,write_read,false,5,20133,1,1,"1,1",pinned_rvwmo_predicate,PASS,false,none,build/coherent/litmus_traces/wr_05.jsonl
WR,write_read,false,6,20230,1,1,"1,1",pinned_rvwmo_predicate,PASS,false,none,build/coherent/litmus_traces/wr_06.jsonl
WR,write_read,false,7,20327,1,1,"1,1",pinned_rvwmo_predicate,PASS,false,none,build/coherent/litmus_traces/wr_07.jsonl
WR,write_read,false,8,20424,1,1,"1,1",pinned_rvwmo_predicate,PASS,false,none,build/coherent/litmus_traces/wr_08.jsonl
WR,write_read,false,9,20521,1,1,"1,1",pinned_rvwmo_predicate,PASS,false,none,build/coherent/litmus_traces/wr_09.jsonl
WR,write_read,false,10,20618,1,1,"1,1",pinned_rvwmo_predicate,PASS,false,none,build/coherent/litmus_traces/wr_10.jsonl
WR,write_read,false,11,20715,1,1,"1,1",pinned_rvwmo_predicate,PASS,false,none,build/coherent/litmus_traces/wr_11.jsonl
WR,write_read,false,12,20812,1,1,"1,1",pinned_rvwmo_predicate,PASS,false,none,build/coherent/litmus_traces/wr_12.jsonl
WR,write_read,false,13,20909,1,1,"1,1",pinned_rvwmo_predicate,PASS,false,none,build/coherent/litmus_traces/wr_13.jsonl
WR,write_read,false,14,21006,1,1,"1,1",pinned_rvwmo_predicate,PASS,false,none,build/coherent/litmus_traces/wr_14.jsonl
WR,write_read,false,15,21103,1,1,"1,1",pinned_rvwmo_predicate,PASS,false,none,build/coherent/litmus_traces/wr_15.jsonl
WR,write_read,false,16,21200,1,1,"1,1",pinned_rvwmo_predicate,PASS,false,none,build/coherent/litmus_traces/wr_16.jsonl
WR,write_read,false,17,21297,1,1,"1,1",pinned_rvwmo_predicate,PASS,false,none,build/coherent/litmus_traces/wr_17.jsonl
WR,write_read,false,18,21394,1,1,"1,1",pinned_rvwmo_predicate,PASS,false,none,build/coherent/litmus_traces/wr_18.jsonl
WR,write_read,false,19,21491,1,1,"1,1",pinned_rvwmo_predicate,PASS,false,none,build/coherent/litmus_traces/wr_19.jsonl
WR,write_read,false,20,21588,1,1,"1,1",pinned_rvwmo_predicate,PASS,false,none,build/coherent/litmus_traces/wr_20.jsonl
WR,write_read,false,21,21685,1,1,"1,1",pinned_rvwmo_predicate,PASS,false,none,build/coherent/litmus_traces/wr_21.jsonl
WR,write_read,false,22,21782,1,1,"1,1",pinned_rvwmo_predicate,PASS,false,none,build/coherent/litmus_traces/wr_22.jsonl
WR,write_read,false,23,21879,1,1,"1,1",pinned_rvwmo_predicate,PASS,false,none,build/coherent/litmus_traces/wr_23.jsonl
WR,write_read,false,24,21976,1,1,"1,1",pinned_rvwmo_predicate,PASS,false,none,build/coherent/litmus_traces/wr_24.jsonl
WR_FENCE,write_read,true,0,20096,1,1,"1,1",pinned_rvwmo_predicate,PASS,false,none,build/coherent/litmus_traces/wr_fence_00.jsonl
WR_FENCE,write_read,true,1,20193,1,1,"1,1",pinned_rvwmo_predicate,PASS,false,none,build/coherent/litmus_traces/wr_fence_01.jsonl
WR_FENCE,write_read,true,2,20290,1,1,"1,1",pinned_rvwmo_predicate,PASS,false,none,build/coherent/litmus_traces/wr_fence_02.jsonl
WR_FENCE,write_read,true,3,20387,1,1,"1,1",pinned_rvwmo_predicate,PASS,false,none,build/coherent/litmus_traces/wr_fence_03.jsonl
WR_FENCE,write_read,true,4,20484,1,1,"1,1",pinned_rvwmo_predicate,PASS,false,none,build/coherent/litmus_traces/wr_fence_04.jsonl
WR_FENCE,write_read,true,5,20581,1,1,"1,1",pinned_rvwmo_predicate,PASS,false,none,build/coherent/litmus_traces/wr_fence_05.jsonl
WR_FENCE,write_read,true,6,20678,1,1,"1,1",pinned_rvwmo_predicate,PASS,false,none,build/coherent/litmus_traces/wr_fence_06.jsonl
WR_FENCE,write_read,true,7,20775,1,1,"1,1",pinned_rvwmo_predicate,PASS,false,none,build/coherent/litmus_traces/wr_fence_07.jsonl
WR_FENCE,write_read,true,8,20872,1,1,"1,1",pinned_rvwmo_predicate,PASS,false,none,build/coherent/litmus_traces/wr_fence_08.jsonl
WR_FENCE,write_read,true,9,20969,1,1,"1,1",pinned_rvwmo_predicate,PASS,false,none,build/coherent/litmus_traces/wr_fence_09.jsonl
WR_FENCE,write_read,true,10,21066,1,1,"1,1",pinned_rvwmo_predicate,PASS,false,none,build/coherent/litmus_traces/wr_fence_10.jsonl
WR_FENCE,write_read,true,11,21163,1,1,"1,1",pinned_rvwmo_predicate,PASS,false,none,build/coherent/litmus_traces/wr_fence_11.jsonl
WR_FENCE,write_read,true,12,21260,1,1,"1,1",pinned_rvwmo_predicate,PASS,false,none,build/coherent/litmus_traces/wr_fence_12.jsonl
WR_FENCE,write_read,true,13,21357,1,1,"1,1",pinned_rvwmo_predicate,PASS,false,none,build/coherent/litmus_traces/wr_fence_13.jsonl
WR_FENCE,write_read,true,14,21454,1,1,"1,1",pinned_rvwmo_predicate,PASS,false,none,build/coherent/litmus_traces/wr_fence_14.jsonl
WR_FENCE,write_read,true,15,21551,1,1,"1,1",pinned_rvwmo_predicate,PASS,false,none,build/coherent/litmus_traces/wr_fence_15.jsonl
WR_FENCE,write_read,true,16,21648,1,1,"1,1",pinned_rvwmo_predicate,PASS,false,none,build/coherent/litmus_traces/wr_fence_16.jsonl
WR_FENCE,write_read,true,17,21745,1,1,"1,1",pinned_rvwmo_predicate,PASS,false,none,build/coherent/litmus_traces/wr_fence_17.jsonl
WR_FENCE,write_read,true,18,21842,1,1,"1,1",pinned_rvwmo_predicate,PASS,false,none,build/coherent/litmus_traces/wr_fence_18.jsonl
WR_FENCE,write_read,true,19,21939,1,1,"1,1",pinned_rvwmo_predicate,PASS,false,none,build/coherent/litmus_traces/wr_fence_19.jsonl
WR_FENCE,write_read,true,20,22036,1,1,"1,1",pinned_rvwmo_predicate,PASS,false,none,build/coherent/litmus_traces/wr_fence_20.jsonl
WR_FENCE,write_read,true,21,22133,1,1,"1,1",pinned_rvwmo_predicate,PASS,false,none,build/coherent/litmus_traces/wr_fence_21.jsonl
WR_FENCE,write_read,true,22,22230,1,1,"1,1",pinned_rvwmo_predicate,PASS,false,none,build/coherent/litmus_traces/wr_fence_22.jsonl
WR_FENCE,write_read,true,23,22327,1,1,"1,1",pinned_rvwmo_predicate,PASS,false,none,build/coherent/litmus_traces/wr_fence_23.jsonl
WR_FENCE,write_read,true,24,22424,1,1,"1,1",pinned_rvwmo_predicate,PASS,false,none,build/coherent/litmus_traces/wr_fence_24.jsonl
CO-RR,coherence_read_read,false,0,19834,0,0,"0,0",pinned_rvwmo_predicate,PASS,false,none,build/coherent/litmus_traces/co-rr_00.jsonl
CO-RR,coherence_read_read,false,1,19931,0,2,"0,2",pinned_rvwmo_predicate,PASS,false,none,build/coherent/litmus_traces/co-rr_01.jsonl
CO-RR,coherence_read_read,false,2,20028,0,1,"0,1",pinned_rvwmo_predicate,PASS,false,none,build/coherent/litmus_traces/co-rr_02.jsonl
CO-RR,coherence_read_read,false,3,20125,0,2,"0,2",pinned_rvwmo_predicate,PASS,false,none,build/coherent/litmus_traces/co-rr_03.jsonl
CO-RR,coherence_read_read,false,4,20222,0,1,"0,1",pinned_rvwmo_predicate,PASS,false,none,build/coherent/litmus_traces/co-rr_04.jsonl
CO-RR,coherence_read_read,false,5,20319,0,1,"0,1",pinned_rvwmo_predicate,PASS,false,none,build/coherent/litmus_traces/co-rr_05.jsonl
CO-RR,coherence_read_read,false,6,20416,0,1,"0,1",pinned_rvwmo_predicate,PASS,false,none,build/coherent/litmus_traces/co-rr_06.jsonl
CO-RR,coherence_read_read,false,7,20513,0,0,"0,0",pinned_rvwmo_predicate,PASS,false,none,build/coherent/litmus_traces/co-rr_07.jsonl
CO-RR,coherence_read_read,false,8,20610,0,1,"0,1",pinned_rvwmo_predicate,PASS,false,none,build/coherent/litmus_traces/co-rr_08.jsonl
CO-RR,coherence_read_read,false,9,20707,0,1,"0,1",pinned_rvwmo_predicate,PASS,false,none,build/coherent/litmus_traces/co-rr_09.jsonl
CO-RR,coherence_read_read,false,10,20804,0,0,"0,0",pinned_rvwmo_predicate,PASS,false,none,build/coherent/litmus_traces/co-rr_10.jsonl
CO-RR,coherence_read_read,false,11,20901,0,0,"0,0",pinned_rvwmo_predicate,PASS,false,none,build/coherent/litmus_traces/co-rr_11.jsonl
CO-RR,coherence_read_read,false,12,20998,0,2,"0,2",pinned_rvwmo_predicate,PASS,false,none,build/coherent/litmus_traces/co-rr_12.jsonl
CO-RR,coherence_read_read,false,13,21095,0,0,"0,0",pinned_rvwmo_predicate,PASS,false,none,build/coherent/litmus_traces/co-rr_13.jsonl
CO-RR,coherence_read_read,false,14,21192,0,0,"0,0",pinned_rvwmo_predicate,PASS,false,none,build/coherent/litmus_traces/co-rr_14.jsonl
CO-RR,coherence_read_read,false,15,21289,0,1,"0,1",pinned_rvwmo_predicate,PASS,false,none,build/coherent/litmus_traces/co-rr_15.jsonl
CO-RR,coherence_read_read,false,16,21386,0,0,"0,0",pinned_rvwmo_predicate,PASS,false,none,build/coherent/litmus_traces/co-rr_16.jsonl
CO-RR,coherence_read_read,false,17,21483,0,2,"0,2",pinned_rvwmo_predicate,PASS,false,none,build/coherent/litmus_traces/co-rr_17.jsonl
CO-RR,coherence_read_read,false,18,21580,0,0,"0,0",pinned_rvwmo_predicate,PASS,false,none,build/coherent/litmus_traces/co-rr_18.jsonl
CO-RR,coherence_read_read,false,19,21677,0,1,"0,1",pinned_rvwmo_predicate,PASS,false,none,build/coherent/litmus_traces/co-rr_19.jsonl
CO-RR,coherence_read_read,false,20,21774,0,1,"0,1",pinned_rvwmo_predicate,PASS,false,none,build/coherent/litmus_traces/co-rr_20.jsonl
CO-RR,coherence_read_read,false,21,21871,0,0,"0,0",pinned_rvwmo_predicate,PASS,false,none,build/coherent/litmus_traces/co-rr_21.jsonl
CO-RR,coherence_read_read,false,22,21968,0,1,"0,1",pinned_rvwmo_predicate,PASS,false,none,build/coherent/litmus_traces/co-rr_22.jsonl
CO-RR,coherence_read_read,false,23,22065,0,1,"0,1",pinned_rvwmo_predicate,PASS,false,none,build/coherent/litmus_traces/co-rr_23.jsonl
CO-RR,coherence_read_read,false,24,22162,0,0,"0,0",pinned_rvwmo_predicate,PASS,false,none,build/coherent/litmus_traces/co-rr_24.jsonl
CO-RR_FENCE,coherence_read_read,true,0,20282,0,2,"0,2",pinned_rvwmo_predicate,PASS,false,none,build/coherent/litmus_traces/co-rr_fence_00.jsonl
CO-RR_FENCE,coherence_read_read,true,1,20379,0,1,"0,1",pinned_rvwmo_predicate,PASS,false,none,build/coherent/litmus_traces/co-rr_fence_01.jsonl
CO-RR_FENCE,coherence_read_read,true,2,20476,0,2,"0,2",pinned_rvwmo_predicate,PASS,false,none,build/coherent/litmus_traces/co-rr_fence_02.jsonl
CO-RR_FENCE,coherence_read_read,true,3,20573,0,1,"0,1",pinned_rvwmo_predicate,PASS,false,none,build/coherent/litmus_traces/co-rr_fence_03.jsonl
CO-RR_FENCE,coherence_read_read,true,4,20670,0,2,"0,2",pinned_rvwmo_predicate,PASS,false,none,build/coherent/litmus_traces/co-rr_fence_04.jsonl
CO-RR_FENCE,coherence_read_read,true,5,20767,0,0,"0,0",pinned_rvwmo_predicate,PASS,false,none,build/coherent/litmus_traces/co-rr_fence_05.jsonl
CO-RR_FENCE,coherence_read_read,true,6,20864,0,1,"0,1",pinned_rvwmo_predicate,PASS,false,none,build/coherent/litmus_traces/co-rr_fence_06.jsonl
CO-RR_FENCE,coherence_read_read,true,7,20961,0,1,"0,1",pinned_rvwmo_predicate,PASS,false,none,build/coherent/litmus_traces/co-rr_fence_07.jsonl
CO-RR_FENCE,coherence_read_read,true,8,21058,0,2,"0,2",pinned_rvwmo_predicate,PASS,false,none,build/coherent/litmus_traces/co-rr_fence_08.jsonl
CO-RR_FENCE,coherence_read_read,true,9,21155,0,2,"0,2",pinned_rvwmo_predicate,PASS,false,none,build/coherent/litmus_traces/co-rr_fence_09.jsonl
CO-RR_FENCE,coherence_read_read,true,10,21252,0,1,"0,1",pinned_rvwmo_predicate,PASS,false,none,build/coherent/litmus_traces/co-rr_fence_10.jsonl
CO-RR_FENCE,coherence_read_read,true,11,21349,0,1,"0,1",pinned_rvwmo_predicate,PASS,false,none,build/coherent/litmus_traces/co-rr_fence_11.jsonl
CO-RR_FENCE,coherence_read_read,true,12,21446,0,0,"0,0",pinned_rvwmo_predicate,PASS,false,none,build/coherent/litmus_traces/co-rr_fence_12.jsonl
CO-RR_FENCE,coherence_read_read,true,13,21543,0,1,"0,1",pinned_rvwmo_predicate,PASS,false,none,build/coherent/litmus_traces/co-rr_fence_13.jsonl
CO-RR_FENCE,coherence_read_read,true,14,21640,0,2,"0,2",pinned_rvwmo_predicate,PASS,false,none,build/coherent/litmus_traces/co-rr_fence_14.jsonl
CO-RR_FENCE,coherence_read_read,true,15,21737,0,1,"0,1",pinned_rvwmo_predicate,PASS,false,none,build/coherent/litmus_traces/co-rr_fence_15.jsonl
CO-RR_FENCE,coherence_read_read,true,16,21834,0,0,"0,0",pinned_rvwmo_predicate,PASS,false,none,build/coherent/litmus_traces/co-rr_fence_16.jsonl
CO-RR_FENCE,coherence_read_read,true,17,21931,0,1,"0,1",pinned_rvwmo_predicate,PASS,false,none,build/coherent/litmus_traces/co-rr_fence_17.jsonl
CO-RR_FENCE,coherence_read_read,true,18,22028,0,1,"0,1",pinned_rvwmo_predicate,PASS,false,none,build/coherent/litmus_traces/co-rr_fence_18.jsonl
CO-RR_FENCE,coherence_read_read,true,19,22125,0,0,"0,0",pinned_rvwmo_predicate,PASS,false,none,build/coherent/litmus_traces/co-rr_fence_19.jsonl
CO-RR_FENCE,coherence_read_read,true,20,22222,0,0,"0,0",pinned_rvwmo_predicate,PASS,false,none,build/coherent/litmus_traces/co-rr_fence_20.jsonl
CO-RR_FENCE,coherence_read_read,true,21,22319,0,1,"0,1",pinned_rvwmo_predicate,PASS,false,none,build/coherent/litmus_traces/co-rr_fence_21.jsonl
CO-RR_FENCE,coherence_read_read,true,22,22416,0,1,"0,1",pinned_rvwmo_predicate,PASS,false,none,build/coherent/litmus_traces/co-rr_fence_22.jsonl
CO-RR_FENCE,coherence_read_read,true,23,22513,0,2,"0,2",pinned_rvwmo_predicate,PASS,false,none,build/coherent/litmus_traces/co-rr_fence_23.jsonl
CO-RR_FENCE,coherence_read_read,true,24,22610,0,1,"0,1",pinned_rvwmo_predicate,PASS,false,none,build/coherent/litmus_traces/co-rr_fence_24.jsonl
CO-WW,coherence_write_write,false,0,19844,0,2,"0,2",pinned_rvwmo_predicate,PASS,false,none,build/coherent/litmus_traces/co-ww_00.jsonl
CO-WW,coherence_write_write,false,1,19941,0,2,"0,2",pinned_rvwmo_predicate,PASS,false,none,build/coherent/litmus_traces/co-ww_01.jsonl
CO-WW,coherence_write_write,false,2,20038,0,2,"0,2",pinned_rvwmo_predicate,PASS,false,none,build/coherent/litmus_traces/co-ww_02.jsonl
CO-WW,coherence_write_write,false,3,20135,0,2,"0,2",pinned_rvwmo_predicate,PASS,false,none,build/coherent/litmus_traces/co-ww_03.jsonl
CO-WW,coherence_write_write,false,4,20232,0,2,"0,2",pinned_rvwmo_predicate,PASS,false,none,build/coherent/litmus_traces/co-ww_04.jsonl
CO-WW,coherence_write_write,false,5,20329,0,2,"0,2",pinned_rvwmo_predicate,PASS,false,none,build/coherent/litmus_traces/co-ww_05.jsonl
CO-WW,coherence_write_write,false,6,20426,0,2,"0,2",pinned_rvwmo_predicate,PASS,false,none,build/coherent/litmus_traces/co-ww_06.jsonl
CO-WW,coherence_write_write,false,7,20523,0,2,"0,2",pinned_rvwmo_predicate,PASS,false,none,build/coherent/litmus_traces/co-ww_07.jsonl
CO-WW,coherence_write_write,false,8,20620,0,2,"0,2",pinned_rvwmo_predicate,PASS,false,none,build/coherent/litmus_traces/co-ww_08.jsonl
CO-WW,coherence_write_write,false,9,20717,0,2,"0,2",pinned_rvwmo_predicate,PASS,false,none,build/coherent/litmus_traces/co-ww_09.jsonl
CO-WW,coherence_write_write,false,10,20814,0,3,"0,3",pinned_rvwmo_predicate,PASS,false,none,build/coherent/litmus_traces/co-ww_10.jsonl
CO-WW,coherence_write_write,false,11,20911,0,2,"0,2",pinned_rvwmo_predicate,PASS,false,none,build/coherent/litmus_traces/co-ww_11.jsonl
CO-WW,coherence_write_write,false,12,21008,0,2,"0,2",pinned_rvwmo_predicate,PASS,false,none,build/coherent/litmus_traces/co-ww_12.jsonl
CO-WW,coherence_write_write,false,13,21105,0,2,"0,2",pinned_rvwmo_predicate,PASS,false,none,build/coherent/litmus_traces/co-ww_13.jsonl
CO-WW,coherence_write_write,false,14,21202,0,2,"0,2",pinned_rvwmo_predicate,PASS,false,none,build/coherent/litmus_traces/co-ww_14.jsonl
CO-WW,coherence_write_write,false,15,21299,0,2,"0,2",pinned_rvwmo_predicate,PASS,false,none,build/coherent/litmus_traces/co-ww_15.jsonl
CO-WW,coherence_write_write,false,16,21396,0,2,"0,2",pinned_rvwmo_predicate,PASS,false,none,build/coherent/litmus_traces/co-ww_16.jsonl
CO-WW,coherence_write_write,false,17,21493,0,2,"0,2",pinned_rvwmo_predicate,PASS,false,none,build/coherent/litmus_traces/co-ww_17.jsonl
CO-WW,coherence_write_write,false,18,21590,0,3,"0,3",pinned_rvwmo_predicate,PASS,false,none,build/coherent/litmus_traces/co-ww_18.jsonl
CO-WW,coherence_write_write,false,19,21687,0,2,"0,2",pinned_rvwmo_predicate,PASS,false,none,build/coherent/litmus_traces/co-ww_19.jsonl
CO-WW,coherence_write_write,false,20,21784,0,2,"0,2",pinned_rvwmo_predicate,PASS,false,none,build/coherent/litmus_traces/co-ww_20.jsonl
CO-WW,coherence_write_write,false,21,21881,0,2,"0,2",pinned_rvwmo_predicate,PASS,false,none,build/coherent/litmus_traces/co-ww_21.jsonl
CO-WW,coherence_write_write,false,22,21978,0,2,"0,2",pinned_rvwmo_predicate,PASS,false,none,build/coherent/litmus_traces/co-ww_22.jsonl
CO-WW,coherence_write_write,false,23,22075,0,2,"0,2",pinned_rvwmo_predicate,PASS,false,none,build/coherent/litmus_traces/co-ww_23.jsonl
CO-WW,coherence_write_write,false,24,22172,0,2,"0,2",pinned_rvwmo_predicate,PASS,false,none,build/coherent/litmus_traces/co-ww_24.jsonl
CO-WW_FENCE,coherence_write_write,true,0,20292,0,2,"0,2",pinned_rvwmo_predicate,PASS,false,none,build/coherent/litmus_traces/co-ww_fence_00.jsonl
CO-WW_FENCE,coherence_write_write,true,1,20389,0,3,"0,3",pinned_rvwmo_predicate,PASS,false,none,build/coherent/litmus_traces/co-ww_fence_01.jsonl
CO-WW_FENCE,coherence_write_write,true,2,20486,0,1,"0,1",pinned_rvwmo_predicate,PASS,false,none,build/coherent/litmus_traces/co-ww_fence_02.jsonl
CO-WW_FENCE,coherence_write_write,true,3,20583,0,1,"0,1",pinned_rvwmo_predicate,PASS,false,none,build/coherent/litmus_traces/co-ww_fence_03.jsonl
CO-WW_FENCE,coherence_write_write,true,4,20680,0,2,"0,2",pinned_rvwmo_predicate,PASS,false,none,build/coherent/litmus_traces/co-ww_fence_04.jsonl
CO-WW_FENCE,coherence_write_write,true,5,20777,0,3,"0,3",pinned_rvwmo_predicate,PASS,false,none,build/coherent/litmus_traces/co-ww_fence_05.jsonl
CO-WW_FENCE,coherence_write_write,true,6,20874,0,2,"0,2",pinned_rvwmo_predicate,PASS,false,none,build/coherent/litmus_traces/co-ww_fence_06.jsonl
CO-WW_FENCE,coherence_write_write,true,7,20971,0,3,"0,3",pinned_rvwmo_predicate,PASS,false,none,build/coherent/litmus_traces/co-ww_fence_07.jsonl
CO-WW_FENCE,coherence_write_write,true,8,21068,0,3,"0,3",pinned_rvwmo_predicate,PASS,false,none,build/coherent/litmus_traces/co-ww_fence_08.jsonl
CO-WW_FENCE,coherence_write_write,true,9,21165,0,1,"0,1",pinned_rvwmo_predicate,PASS,false,none,build/coherent/litmus_traces/co-ww_fence_09.jsonl
CO-WW_FENCE,coherence_write_write,true,10,21262,0,1,"0,1",pinned_rvwmo_predicate,PASS,false,none,build/coherent/litmus_traces/co-ww_fence_10.jsonl
CO-WW_FENCE,coherence_write_write,true,11,21359,0,2,"0,2",pinned_rvwmo_predicate,PASS,false,none,build/coherent/litmus_traces/co-ww_fence_11.jsonl
CO-WW_FENCE,coherence_write_write,true,12,21456,0,2,"0,2",pinned_rvwmo_predicate,PASS,false,none,build/coherent/litmus_traces/co-ww_fence_12.jsonl
CO-WW_FENCE,coherence_write_write,true,13,21553,0,2,"0,2",pinned_rvwmo_predicate,PASS,false,none,build/coherent/litmus_traces/co-ww_fence_13.jsonl
CO-WW_FENCE,coherence_write_write,true,14,21650,0,3,"0,3",pinned_rvwmo_predicate,PASS,false,none,build/coherent/litmus_traces/co-ww_fence_14.jsonl
CO-WW_FENCE,coherence_write_write,true,15,21747,0,1,"0,1",pinned_rvwmo_predicate,PASS,false,none,build/coherent/litmus_traces/co-ww_fence_15.jsonl
CO-WW_FENCE,coherence_write_write,true,16,21844,0,3,"0,3",pinned_rvwmo_predicate,PASS,false,none,build/coherent/litmus_traces/co-ww_fence_16.jsonl
CO-WW_FENCE,coherence_write_write,true,17,21941,0,3,"0,3",pinned_rvwmo_predicate,PASS,false,none,build/coherent/litmus_traces/co-ww_fence_17.jsonl
CO-WW_FENCE,coherence_write_write,true,18,22038,0,2,"0,2",pinned_rvwmo_predicate,PASS,false,none,build/coherent/litmus_traces/co-ww_fence_18.jsonl
CO-WW_FENCE,coherence_write_write,true,19,22135,0,3,"0,3",pinned_rvwmo_predicate,PASS,false,none,build/coherent/litmus_traces/co-ww_fence_19.jsonl
CO-WW_FENCE,coherence_write_write,true,20,22232,0,2,"0,2",pinned_rvwmo_predicate,PASS,false,none,build/coherent/litmus_traces/co-ww_fence_20.jsonl
CO-WW_FENCE,coherence_write_write,true,21,22329,0,1,"0,1",pinned_rvwmo_predicate,PASS,false,none,build/coherent/litmus_traces/co-ww_fence_21.jsonl
CO-WW_FENCE,coherence_write_write,true,22,22426,0,3,"0,3",pinned_rvwmo_predicate,PASS,false,none,build/coherent/litmus_traces/co-ww_fence_22.jsonl
CO-WW_FENCE,coherence_write_write,true,23,22523,0,2,"0,2",pinned_rvwmo_predicate,PASS,false,none,build/coherent/litmus_traces/co-ww_fence_23.jsonl
CO-WW_FENCE,coherence_write_write,true,24,22620,0,1,"0,1",pinned_rvwmo_predicate,PASS,false,none,build/coherent/litmus_traces/co-ww_fence_24.jsonl
WRC,write_read_causality,false,0,19715,1,0,"1,0",pinned_rvwmo_predicate,PASS,false,none,build/coherent/litmus_traces/wrc_00.jsonl
WRC,write_read_causality,false,1,19812,1,0,"1,0",pinned_rvwmo_predicate,PASS,false,none,build/coherent/litmus_traces/wrc_01.jsonl
WRC,write_read_causality,false,2,19909,0,1,"0,1",pinned_rvwmo_predicate,PASS,false,none,build/coherent/litmus_traces/wrc_02.jsonl
WRC,write_read_causality,false,3,20006,0,0,"0,0",pinned_rvwmo_predicate,PASS,false,none,build/coherent/litmus_traces/wrc_03.jsonl
WRC,write_read_causality,false,4,20103,1,0,"1,0",pinned_rvwmo_predicate,PASS,false,none,build/coherent/litmus_traces/wrc_04.jsonl
WRC,write_read_causality,false,5,20200,0,1,"0,1",pinned_rvwmo_predicate,PASS,false,none,build/coherent/litmus_traces/wrc_05.jsonl
WRC,write_read_causality,false,6,20297,0,0,"0,0",pinned_rvwmo_predicate,PASS,false,none,build/coherent/litmus_traces/wrc_06.jsonl
WRC,write_read_causality,false,7,20394,1,0,"1,0",pinned_rvwmo_predicate,PASS,false,none,build/coherent/litmus_traces/wrc_07.jsonl
WRC,write_read_causality,false,8,20491,0,0,"0,0",pinned_rvwmo_predicate,PASS,false,none,build/coherent/litmus_traces/wrc_08.jsonl
WRC,write_read_causality,false,9,20588,1,0,"1,0",pinned_rvwmo_predicate,PASS,false,none,build/coherent/litmus_traces/wrc_09.jsonl
WRC,write_read_causality,false,10,20685,1,0,"1,0",pinned_rvwmo_predicate,PASS,false,none,build/coherent/litmus_traces/wrc_10.jsonl
WRC,write_read_causality,false,11,20782,0,0,"0,0",pinned_rvwmo_predicate,PASS,false,none,build/coherent/litmus_traces/wrc_11.jsonl
WRC,write_read_causality,false,12,20879,0,1,"0,1",pinned_rvwmo_predicate,PASS,false,none,build/coherent/litmus_traces/wrc_12.jsonl
WRC,write_read_causality,false,13,20976,0,0,"0,0",pinned_rvwmo_predicate,PASS,false,none,build/coherent/litmus_traces/wrc_13.jsonl
WRC,write_read_causality,false,14,21073,0,0,"0,0",pinned_rvwmo_predicate,PASS,false,none,build/coherent/litmus_traces/wrc_14.jsonl
WRC,write_read_causality,false,15,21170,1,0,"1,0",pinned_rvwmo_predicate,PASS,false,none,build/coherent/litmus_traces/wrc_15.jsonl
WRC,write_read_causality,false,16,21267,0,1,"0,1",pinned_rvwmo_predicate,PASS,false,none,build/coherent/litmus_traces/wrc_16.jsonl
WRC,write_read_causality,false,17,21364,0,0,"0,0",pinned_rvwmo_predicate,PASS,false,none,build/coherent/litmus_traces/wrc_17.jsonl
WRC,write_read_causality,false,18,21461,0,0,"0,0",pinned_rvwmo_predicate,PASS,false,none,build/coherent/litmus_traces/wrc_18.jsonl
WRC,write_read_causality,false,19,21558,0,0,"0,0",pinned_rvwmo_predicate,PASS,false,none,build/coherent/litmus_traces/wrc_19.jsonl
WRC,write_read_causality,false,20,21655,0,0,"0,0",pinned_rvwmo_predicate,PASS,false,none,build/coherent/litmus_traces/wrc_20.jsonl
WRC,write_read_causality,false,21,21752,0,0,"0,0",pinned_rvwmo_predicate,PASS,false,none,build/coherent/litmus_traces/wrc_21.jsonl
WRC,write_read_causality,false,22,21849,1,0,"1,0",pinned_rvwmo_predicate,PASS,false,none,build/coherent/litmus_traces/wrc_22.jsonl
WRC,write_read_causality,false,23,21946,0,0,"0,0",pinned_rvwmo_predicate,PASS,false,none,build/coherent/litmus_traces/wrc_23.jsonl
WRC,write_read_causality,false,24,22043,0,0,"0,0",pinned_rvwmo_predicate,PASS,false,none,build/coherent/litmus_traces/wrc_24.jsonl
WRC_FENCE,write_read_causality,true,0,20163,0,0,"0,0",pinned_rvwmo_predicate,PASS,false,none,build/coherent/litmus_traces/wrc_fence_00.jsonl
WRC_FENCE,write_read_causality,true,1,20260,1,0,"1,0",pinned_rvwmo_predicate,PASS,false,none,build/coherent/litmus_traces/wrc_fence_01.jsonl
WRC_FENCE,write_read_causality,true,2,20357,1,0,"1,0",pinned_rvwmo_predicate,PASS,false,none,build/coherent/litmus_traces/wrc_fence_02.jsonl
WRC_FENCE,write_read_causality,true,3,20454,0,0,"0,0",pinned_rvwmo_predicate,PASS,false,none,build/coherent/litmus_traces/wrc_fence_03.jsonl
WRC_FENCE,write_read_causality,true,4,20551,1,0,"1,0",pinned_rvwmo_predicate,PASS,false,none,build/coherent/litmus_traces/wrc_fence_04.jsonl
WRC_FENCE,write_read_causality,true,5,20648,0,0,"0,0",pinned_rvwmo_predicate,PASS,false,none,build/coherent/litmus_traces/wrc_fence_05.jsonl
WRC_FENCE,write_read_causality,true,6,20745,1,0,"1,0",pinned_rvwmo_predicate,PASS,false,none,build/coherent/litmus_traces/wrc_fence_06.jsonl
WRC_FENCE,write_read_causality,true,7,20842,1,0,"1,0",pinned_rvwmo_predicate,PASS,false,none,build/coherent/litmus_traces/wrc_fence_07.jsonl
WRC_FENCE,write_read_causality,true,8,20939,1,0,"1,0",pinned_rvwmo_predicate,PASS,false,none,build/coherent/litmus_traces/wrc_fence_08.jsonl
WRC_FENCE,write_read_causality,true,9,21036,0,1,"0,1",pinned_rvwmo_predicate,PASS,false,none,build/coherent/litmus_traces/wrc_fence_09.jsonl
WRC_FENCE,write_read_causality,true,10,21133,0,0,"0,0",pinned_rvwmo_predicate,PASS,false,none,build/coherent/litmus_traces/wrc_fence_10.jsonl
WRC_FENCE,write_read_causality,true,11,21230,1,0,"1,0",pinned_rvwmo_predicate,PASS,false,none,build/coherent/litmus_traces/wrc_fence_11.jsonl
WRC_FENCE,write_read_causality,true,12,21327,1,0,"1,0",pinned_rvwmo_predicate,PASS,false,none,build/coherent/litmus_traces/wrc_fence_12.jsonl
WRC_FENCE,write_read_causality,true,13,21424,1,0,"1,0",pinned_rvwmo_predicate,PASS,false,none,build/coherent/litmus_traces/wrc_fence_13.jsonl
WRC_FENCE,write_read_causality,true,14,21521,0,0,"0,0",pinned_rvwmo_predicate,PASS,false,none,build/coherent/litmus_traces/wrc_fence_14.jsonl
WRC_FENCE,write_read_causality,true,15,21618,0,0,"0,0",pinned_rvwmo_predicate,PASS,false,none,build/coherent/litmus_traces/wrc_fence_15.jsonl
WRC_FENCE,write_read_causality,true,16,21715,0,1,"0,1",pinned_rvwmo_predicate,PASS,false,none,build/coherent/litmus_traces/wrc_fence_16.jsonl
WRC_FENCE,write_read_causality,true,17,21812,1,0,"1,0",pinned_rvwmo_predicate,PASS,false,none,build/coherent/litmus_traces/wrc_fence_17.jsonl
WRC_FENCE,write_read_causality,true,18,21909,1,0,"1,0",pinned_rvwmo_predicate,PASS,false,none,build/coherent/litmus_traces/wrc_fence_18.jsonl
WRC_FENCE,write_read_causality,true,19,22006,0,0,"0,0",pinned_rvwmo_predicate,PASS,false,none,build/coherent/litmus_traces/wrc_fence_19.jsonl
WRC_FENCE,write_read_causality,true,20,22103,0,1,"0,1",pinned_rvwmo_predicate,PASS,false,none,build/coherent/litmus_traces/wrc_fence_20.jsonl
WRC_FENCE,write_read_causality,true,21,22200,1,0,"1,0",pinned_rvwmo_predicate,PASS,false,none,build/coherent/litmus_traces/wrc_fence_21.jsonl
WRC_FENCE,write_read_causality,true,22,22297,0,1,"0,1",pinned_rvwmo_predicate,PASS,false,none,build/coherent/litmus_traces/wrc_fence_22.jsonl
WRC_FENCE,write_read_causality,true,23,22394,1,1,"1,1",pinned_rvwmo_predicate,PASS,false,none,build/coherent/litmus_traces/wrc_fence_23.jsonl
WRC_FENCE,write_read_causality,true,24,22491,1,0,"1,0",pinned_rvwmo_predicate,PASS,false,none,build/coherent/litmus_traces/wrc_fence_24.jsonl
