evidence_category,scenario,checker,status,first_mismatch
rtl_litmus_herd,SB:0,RTL+coherence_model+exact_herd7,PASS,none
rtl_litmus_herd,SB:1,RTL+coherence_model+exact_herd7,PASS,none
rtl_litmus_herd,SB:2,RTL+coherence_model+exact_herd7,PASS,none
rtl_litmus_herd,SB:3,RTL+coherence_model+exact_herd7,PASS,none
rtl_litmus_herd,SB:4,RTL+coherence_model+exact_herd7,PASS,none
rtl_litmus_herd,SB:5,RTL+coherence_model+exact_herd7,PASS,none
rtl_litmus_herd,SB:6,RTL+coherence_model+exact_herd7,PASS,none
rtl_litmus_herd,SB:7,RTL+coherence_model+exact_herd7,PASS,none
rtl_litmus_herd,SB:8,RTL+coherence_model+exact_herd7,PASS,none
rtl_litmus_herd,SB:9,RTL+coherence_model+exact_herd7,PASS,none
rtl_litmus_herd,SB:10,RTL+coherence_model+exact_herd7,PASS,none
rtl_litmus_herd,SB:11,RTL+coherence_model+exact_herd7,PASS,none
rtl_litmus_herd,SB:12,RTL+coherence_model+exact_herd7,PASS,none
rtl_litmus_herd,SB:13,RTL+coherence_model+exact_herd7,PASS,none
rtl_litmus_herd,SB:14,RTL+coherence_model+exact_herd7,PASS,none
rtl_litmus_herd,SB:15,RTL+coherence_model+exact_herd7,PASS,none
rtl_litmus_herd,SB:16,RTL+coherence_model+exact_herd7,PASS,none
rtl_litmus_herd,SB:17,RTL+coherence_model+exact_herd7,PASS,none
rtl_litmus_herd,SB:18,RTL+coherence_model+exact_herd7,PASS,none
rtl_litmus_herd,SB:19,RTL+coherence_model+exact_herd7,PASS,none
rtl_litmus_herd,SB:20,RTL+coherence_model+exact_herd7,PASS,none
rtl_litmus_herd,SB:21,RTL+coherence_model+exact_herd7,PASS,none
rtl_litmus_herd,SB:22,RTL+coherence_model+exact_herd7,PASS,none
rtl_litmus_herd,SB:23,RTL+coherence_model+exact_herd7,PASS,none
rtl_litmus_herd,SB:24,RTL+coherence_model+exact_herd7,PASS,none
rtl_litmus_herd,SB_FENCE:0,RTL+coherence_model+exact_herd7,PASS,none
rtl_litmus_herd,SB_FENCE:1,RTL+coherence_model+exact_herd7,PASS,none
rtl_litmus_herd,SB_FENCE:2,RTL+coherence_model+exact_herd7,PASS,none
rtl_litmus_herd,SB_FENCE:3,RTL+coherence_model+exact_herd7,PASS,none
rtl_litmus_herd,SB_FENCE:4,RTL+coherence_model+exact_herd7,PASS,none
rtl_litmus_herd,SB_FENCE:5,RTL+coherence_model+exact_herd7,PASS,none
rtl_litmus_herd,SB_FENCE:6,RTL+coherence_model+exact_herd7,PASS,none
rtl_litmus_herd,SB_FENCE:7,RTL+coherence_model+exact_herd7,PASS,none
rtl_litmus_herd,SB_FENCE:8,RTL+coherence_model+exact_herd7,PASS,none
rtl_litmus_herd,SB_FENCE:9,RTL+coherence_model+exact_herd7,PASS,none
rtl_litmus_herd,SB_FENCE:10,RTL+coherence_model+exact_herd7,PASS,none
rtl_litmus_herd,SB_FENCE:11,RTL+coherence_model+exact_herd7,PASS,none
rtl_litmus_herd,SB_FENCE:12,RTL+coherence_model+exact_herd7,PASS,none
rtl_litmus_herd,SB_FENCE:13,RTL+coherence_model+exact_herd7,PASS,none
rtl_litmus_herd,SB_FENCE:14,RTL+coherence_model+exact_herd7,PASS,none
rtl_litmus_herd,SB_FENCE:15,RTL+coherence_model+exact_herd7,PASS,none
rtl_litmus_herd,SB_FENCE:16,RTL+coherence_model+exact_herd7,PASS,none
rtl_litmus_herd,SB_FENCE:17,RTL+coherence_model+exact_herd7,PASS,none
rtl_litmus_herd,SB_FENCE:18,RTL+coherence_model+exact_herd7,PASS,none
rtl_litmus_herd,SB_FENCE:19,RTL+coherence_model+exact_herd7,PASS,none
rtl_litmus_herd,SB_FENCE:20,RTL+coherence_model+exact_herd7,PASS,none
rtl_litmus_herd,SB_FENCE:21,RTL+coherence_model+exact_herd7,PASS,none
rtl_litmus_herd,SB_FENCE:22,RTL+coherence_model+exact_herd7,PASS,none
rtl_litmus_herd,SB_FENCE:23,RTL+coherence_model+exact_herd7,PASS,none
rtl_litmus_herd,SB_FENCE:24,RTL+coherence_model+exact_herd7,PASS,none
rtl_litmus_herd,MP:0,RTL+coherence_model+exact_herd7,PASS,none
rtl_litmus_herd,MP:1,RTL+coherence_model+exact_herd7,PASS,none
rtl_litmus_herd,MP:2,RTL+coherence_model+exact_herd7,PASS,none
rtl_litmus_herd,MP:3,RTL+coherence_model+exact_herd7,PASS,none
rtl_litmus_herd,MP:4,RTL+coherence_model+exact_herd7,PASS,none
rtl_litmus_herd,MP:5,RTL+coherence_model+exact_herd7,PASS,none
rtl_litmus_herd,MP:6,RTL+coherence_model+exact_herd7,PASS,none
rtl_litmus_herd,MP:7,RTL+coherence_model+exact_herd7,PASS,none
rtl_litmus_herd,MP:8,RTL+coherence_model+exact_herd7,PASS,none
rtl_litmus_herd,MP:9,RTL+coherence_model+exact_herd7,PASS,none
rtl_litmus_herd,MP:10,RTL+coherence_model+exact_herd7,PASS,none
rtl_litmus_herd,MP:11,RTL+coherence_model+exact_herd7,PASS,none
rtl_litmus_herd,MP:12,RTL+coherence_model+exact_herd7,PASS,none
rtl_litmus_herd,MP:13,RTL+coherence_model+exact_herd7,PASS,none
rtl_litmus_herd,MP:14,RTL+coherence_model+exact_herd7,PASS,none
rtl_litmus_herd,MP:15,RTL+coherence_model+exact_herd7,PASS,none
rtl_litmus_herd,MP:16,RTL+coherence_model+exact_herd7,PASS,none
rtl_litmus_herd,MP:17,RTL+coherence_model+exact_herd7,PASS,none
rtl_litmus_herd,MP:18,RTL+coherence_model+exact_herd7,PASS,none
rtl_litmus_herd,MP:19,RTL+coherence_model+exact_herd7,PASS,none
rtl_litmus_herd,MP:20,RTL+coherence_model+exact_herd7,PASS,none
rtl_litmus_herd,MP:21,RTL+coherence_model+exact_herd7,PASS,none
rtl_litmus_herd,MP:22,RTL+coherence_model+exact_herd7,PASS,none
rtl_litmus_herd,MP:23,RTL+coherence_model+exact_herd7,PASS,none
rtl_litmus_herd,MP:24,RTL+coherence_model+exact_herd7,PASS,none
rtl_litmus_herd,MP_FENCE:0,RTL+coherence_model+exact_herd7,PASS,none
rtl_litmus_herd,MP_FENCE:1,RTL+coherence_model+exact_herd7,PASS,none
rtl_litmus_herd,MP_FENCE:2,RTL+coherence_model+exact_herd7,PASS,none
rtl_litmus_herd,MP_FENCE:3,RTL+coherence_model+exact_herd7,PASS,none
rtl_litmus_herd,MP_FENCE:4,RTL+coherence_model+exact_herd7,PASS,none
rtl_litmus_herd,MP_FENCE:5,RTL+coherence_model+exact_herd7,PASS,none
rtl_litmus_herd,MP_FENCE:6,RTL+coherence_model+exact_herd7,PASS,none
rtl_litmus_herd,MP_FENCE:7,RTL+coherence_model+exact_herd7,PASS,none
rtl_litmus_herd,MP_FENCE:8,RTL+coherence_model+exact_herd7,PASS,none
rtl_litmus_herd,MP_FENCE:9,RTL+coherence_model+exact_herd7,PASS,none
rtl_litmus_herd,MP_FENCE:10,RTL+coherence_model+exact_herd7,PASS,none
rtl_litmus_herd,MP_FENCE:11,RTL+coherence_model+exact_herd7,PASS,none
rtl_litmus_herd,MP_FENCE:12,RTL+coherence_model+exact_herd7,PASS,none
rtl_litmus_herd,MP_FENCE:13,RTL+coherence_model+exact_herd7,PASS,none
rtl_litmus_herd,MP_FENCE:14,RTL+coherence_model+exact_herd7,PASS,none
rtl_litmus_herd,MP_FENCE:15,RTL+coherence_model+exact_herd7,PASS,none
rtl_litmus_herd,MP_FENCE:16,RTL+coherence_model+exact_herd7,PASS,none
rtl_litmus_herd,MP_FENCE:17,RTL+coherence_model+exact_herd7,PASS,none
rtl_litmus_herd,MP_FENCE:18,RTL+coherence_model+exact_herd7,PASS,none
rtl_litmus_herd,MP_FENCE:19,RTL+coherence_model+exact_herd7,PASS,none
rtl_litmus_herd,MP_FENCE:20,RTL+coherence_model+exact_herd7,PASS,none
rtl_litmus_herd,MP_FENCE:21,RTL+coherence_model+exact_herd7,PASS,none
rtl_litmus_herd,MP_FENCE:22,RTL+coherence_model+exact_herd7,PASS,none
rtl_litmus_herd,MP_FENCE:23,RTL+coherence_model+exact_herd7,PASS,none
rtl_litmus_herd,MP_FENCE:24,RTL+coherence_model+exact_herd7,PASS,none
rtl_litmus_herd,LB:0,RTL+coherence_model+exact_herd7,PASS,none
rtl_litmus_herd,LB:1,RTL+coherence_model+exact_herd7,PASS,none
rtl_litmus_herd,LB:2,RTL+coherence_model+exact_herd7,PASS,none
rtl_litmus_herd,LB:3,RTL+coherence_model+exact_herd7,PASS,none
rtl_litmus_herd,LB:4,RTL+coherence_model+exact_herd7,PASS,none
rtl_litmus_herd,LB:5,RTL+coherence_model+exact_herd7,PASS,none
rtl_litmus_herd,LB:6,RTL+coherence_model+exact_herd7,PASS,none
rtl_litmus_herd,LB:7,RTL+coherence_model+exact_herd7,PASS,none
rtl_litmus_herd,LB:8,RTL+coherence_model+exact_herd7,PASS,none
rtl_litmus_herd,LB:9,RTL+coherence_model+exact_herd7,PASS,none
rtl_litmus_herd,LB:10,RTL+coherence_model+exact_herd7,PASS,none
rtl_litmus_herd,LB:11,RTL+coherence_model+exact_herd7,PASS,none
rtl_litmus_herd,LB:12,RTL+coherence_model+exact_herd7,PASS,none
rtl_litmus_herd,LB:13,RTL+coherence_model+exact_herd7,PASS,none
rtl_litmus_herd,LB:14,RTL+coherence_model+exact_herd7,PASS,none
rtl_litmus_herd,LB:15,RTL+coherence_model+exact_herd7,PASS,none
rtl_litmus_herd,LB:16,RTL+coherence_model+exact_herd7,PASS,none
rtl_litmus_herd,LB:17,RTL+coherence_model+exact_herd7,PASS,none
rtl_litmus_herd,LB:18,RTL+coherence_model+exact_herd7,PASS,none
rtl_litmus_herd,LB:19,RTL+coherence_model+exact_herd7,PASS,none
rtl_litmus_herd,LB:20,RTL+coherence_model+exact_herd7,PASS,none
rtl_litmus_herd,LB:21,RTL+coherence_model+exact_herd7,PASS,none
rtl_litmus_herd,LB:22,RTL+coherence_model+exact_herd7,PASS,none
rtl_litmus_herd,LB:23,RTL+coherence_model+exact_herd7,PASS,none
rtl_litmus_herd,LB:24,RTL+coherence_model+exact_herd7,PASS,none
rtl_litmus_herd,LB_FENCE:0,RTL+coherence_model+exact_herd7,PASS,none
rtl_litmus_herd,LB_FENCE:1,RTL+coherence_model+exact_herd7,PASS,none
rtl_litmus_herd,LB_FENCE:2,RTL+coherence_model+exact_herd7,PASS,none
rtl_litmus_herd,LB_FENCE:3,RTL+coherence_model+exact_herd7,PASS,none
rtl_litmus_herd,LB_FENCE:4,RTL+coherence_model+exact_herd7,PASS,none
rtl_litmus_herd,LB_FENCE:5,RTL+coherence_model+exact_herd7,PASS,none
rtl_litmus_herd,LB_FENCE:6,RTL+coherence_model+exact_herd7,PASS,none
rtl_litmus_herd,LB_FENCE:7,RTL+coherence_model+exact_herd7,PASS,none
rtl_litmus_herd,LB_FENCE:8,RTL+coherence_model+exact_herd7,PASS,none
rtl_litmus_herd,LB_FENCE:9,RTL+coherence_model+exact_herd7,PASS,none
rtl_litmus_herd,LB_FENCE:10,RTL+coherence_model+exact_herd7,PASS,none
rtl_litmus_herd,LB_FENCE:11,RTL+coherence_model+exact_herd7,PASS,none
rtl_litmus_herd,LB_FENCE:12,RTL+coherence_model+exact_herd7,PASS,none
rtl_litmus_herd,LB_FENCE:13,RTL+coherence_model+exact_herd7,PASS,none
rtl_litmus_herd,LB_FENCE:14,RTL+coherence_model+exact_herd7,PASS,none
rtl_litmus_herd,LB_FENCE:15,RTL+coherence_model+exact_herd7,PASS,none
rtl_litmus_herd,LB_FENCE:16,RTL+coherence_model+exact_herd7,PASS,none
rtl_litmus_herd,LB_FENCE:17,RTL+coherence_model+exact_herd7,PASS,none
rtl_litmus_herd,LB_FENCE:18,RTL+coherence_model+exact_herd7,PASS,none
rtl_litmus_herd,LB_FENCE:19,RTL+coherence_model+exact_herd7,PASS,none
rtl_litmus_herd,LB_FENCE:20,RTL+coherence_model+exact_herd7,PASS,none
rtl_litmus_herd,LB_FENCE:21,RTL+coherence_model+exact_herd7,PASS,none
rtl_litmus_herd,LB_FENCE:22,RTL+coherence_model+exact_herd7,PASS,none
rtl_litmus_herd,LB_FENCE:23,RTL+coherence_model+exact_herd7,PASS,none
rtl_litmus_herd,LB_FENCE:24,RTL+coherence_model+exact_herd7,PASS,none
rtl_litmus_herd,RW:0,RTL+coherence_model+exact_herd7,PASS,none
rtl_litmus_herd,RW:1,RTL+coherence_model+exact_herd7,PASS,none
rtl_litmus_herd,RW:2,RTL+coherence_model+exact_herd7,PASS,none
rtl_litmus_herd,RW:3,RTL+coherence_model+exact_herd7,PASS,none
rtl_litmus_herd,RW:4,RTL+coherence_model+exact_herd7,PASS,none
rtl_litmus_herd,RW:5,RTL+coherence_model+exact_herd7,PASS,none
rtl_litmus_herd,RW:6,RTL+coherence_model+exact_herd7,PASS,none
rtl_litmus_herd,RW:7,RTL+coherence_model+exact_herd7,PASS,none
rtl_litmus_herd,RW:8,RTL+coherence_model+exact_herd7,PASS,none
rtl_litmus_herd,RW:9,RTL+coherence_model+exact_herd7,PASS,none
rtl_litmus_herd,RW:10,RTL+coherence_model+exact_herd7,PASS,none
rtl_litmus_herd,RW:11,RTL+coherence_model+exact_herd7,PASS,none
rtl_litmus_herd,RW:12,RTL+coherence_model+exact_herd7,PASS,none
rtl_litmus_herd,RW:13,RTL+coherence_model+exact_herd7,PASS,none
rtl_litmus_herd,RW:14,RTL+coherence_model+exact_herd7,PASS,none
rtl_litmus_herd,RW:15,RTL+coherence_model+exact_herd7,PASS,none
rtl_litmus_herd,RW:16,RTL+coherence_model+exact_herd7,PASS,none
rtl_litmus_herd,RW:17,RTL+coherence_model+exact_herd7,PASS,none
rtl_litmus_herd,RW:18,RTL+coherence_model+exact_herd7,PASS,none
rtl_litmus_herd,RW:19,RTL+coherence_model+exact_herd7,PASS,none
rtl_litmus_herd,RW:20,RTL+coherence_model+exact_herd7,PASS,none
rtl_litmus_herd,RW:21,RTL+coherence_model+exact_herd7,PASS,none
rtl_litmus_herd,RW:22,RTL+coherence_model+exact_herd7,PASS,none
rtl_litmus_herd,RW:23,RTL+coherence_model+exact_herd7,PASS,none
rtl_litmus_herd,RW:24,RTL+coherence_model+exact_herd7,PASS,none
rtl_litmus_herd,RW_FENCE:0,RTL+coherence_model+exact_herd7,PASS,none
rtl_litmus_herd,RW_FENCE:1,RTL+coherence_model+exact_herd7,PASS,none
rtl_litmus_herd,RW_FENCE:2,RTL+coherence_model+exact_herd7,PASS,none
rtl_litmus_herd,RW_FENCE:3,RTL+coherence_model+exact_herd7,PASS,none
rtl_litmus_herd,RW_FENCE:4,RTL+coherence_model+exact_herd7,PASS,none
rtl_litmus_herd,RW_FENCE:5,RTL+coherence_model+exact_herd7,PASS,none
rtl_litmus_herd,RW_FENCE:6,RTL+coherence_model+exact_herd7,PASS,none
rtl_litmus_herd,RW_FENCE:7,RTL+coherence_model+exact_herd7,PASS,none
rtl_litmus_herd,RW_FENCE:8,RTL+coherence_model+exact_herd7,PASS,none
rtl_litmus_herd,RW_FENCE:9,RTL+coherence_model+exact_herd7,PASS,none
rtl_litmus_herd,RW_FENCE:10,RTL+coherence_model+exact_herd7,PASS,none
rtl_litmus_herd,RW_FENCE:11,RTL+coherence_model+exact_herd7,PASS,none
rtl_litmus_herd,RW_FENCE:12,RTL+coherence_model+exact_herd7,PASS,none
rtl_litmus_herd,RW_FENCE:13,RTL+coherence_model+exact_herd7,PASS,none
rtl_litmus_herd,RW_FENCE:14,RTL+coherence_model+exact_herd7,PASS,none
rtl_litmus_herd,RW_FENCE:15,RTL+coherence_model+exact_herd7,PASS,none
rtl_litmus_herd,RW_FENCE:16,RTL+coherence_model+exact_herd7,PASS,none
rtl_litmus_herd,RW_FENCE:17,RTL+coherence_model+exact_herd7,PASS,none
rtl_litmus_herd,RW_FENCE:18,RTL+coherence_model+exact_herd7,PASS,none
rtl_litmus_herd,RW_FENCE:19,RTL+coherence_model+exact_herd7,PASS,none
rtl_litmus_herd,RW_FENCE:20,RTL+coherence_model+exact_herd7,PASS,none
rtl_litmus_herd,RW_FENCE:21,RTL+coherence_model+exact_herd7,PASS,none
rtl_litmus_herd,RW_FENCE:22,RTL+coherence_model+exact_herd7,PASS,none
rtl_litmus_herd,RW_FENCE:23,RTL+coherence_model+exact_herd7,PASS,none
rtl_litmus_herd,RW_FENCE:24,RTL+coherence_model+exact_herd7,PASS,none
rtl_litmus_herd,WR:0,RTL+coherence_model+exact_herd7,PASS,none
rtl_litmus_herd,WR:1,RTL+coherence_model+exact_herd7,PASS,none
rtl_litmus_herd,WR:2,RTL+coherence_model+exact_herd7,PASS,none
rtl_litmus_herd,WR:3,RTL+coherence_model+exact_herd7,PASS,none
rtl_litmus_herd,WR:4,RTL+coherence_model+exact_herd7,PASS,none
rtl_litmus_herd,WR:5,RTL+coherence_model+exact_herd7,PASS,none
rtl_litmus_herd,WR:6,RTL+coherence_model+exact_herd7,PASS,none
rtl_litmus_herd,WR:7,RTL+coherence_model+exact_herd7,PASS,none
rtl_litmus_herd,WR:8,RTL+coherence_model+exact_herd7,PASS,none
rtl_litmus_herd,WR:9,RTL+coherence_model+exact_herd7,PASS,none
rtl_litmus_herd,WR:10,RTL+coherence_model+exact_herd7,PASS,none
rtl_litmus_herd,WR:11,RTL+coherence_model+exact_herd7,PASS,none
rtl_litmus_herd,WR:12,RTL+coherence_model+exact_herd7,PASS,none
rtl_litmus_herd,WR:13,RTL+coherence_model+exact_herd7,PASS,none
rtl_litmus_herd,WR:14,RTL+coherence_model+exact_herd7,PASS,none
rtl_litmus_herd,WR:15,RTL+coherence_model+exact_herd7,PASS,none
rtl_litmus_herd,WR:16,RTL+coherence_model+exact_herd7,PASS,none
rtl_litmus_herd,WR:17,RTL+coherence_model+exact_herd7,PASS,none
rtl_litmus_herd,WR:18,RTL+coherence_model+exact_herd7,PASS,none
rtl_litmus_herd,WR:19,RTL+coherence_model+exact_herd7,PASS,none
rtl_litmus_herd,WR:20,RTL+coherence_model+exact_herd7,PASS,none
rtl_litmus_herd,WR:21,RTL+coherence_model+exact_herd7,PASS,none
rtl_litmus_herd,WR:22,RTL+coherence_model+exact_herd7,PASS,none
rtl_litmus_herd,WR:23,RTL+coherence_model+exact_herd7,PASS,none
rtl_litmus_herd,WR:24,RTL+coherence_model+exact_herd7,PASS,none
rtl_litmus_herd,WR_FENCE:0,RTL+coherence_model+exact_herd7,PASS,none
rtl_litmus_herd,WR_FENCE:1,RTL+coherence_model+exact_herd7,PASS,none
rtl_litmus_herd,WR_FENCE:2,RTL+coherence_model+exact_herd7,PASS,none
rtl_litmus_herd,WR_FENCE:3,RTL+coherence_model+exact_herd7,PASS,none
rtl_litmus_herd,WR_FENCE:4,RTL+coherence_model+exact_herd7,PASS,none
rtl_litmus_herd,WR_FENCE:5,RTL+coherence_model+exact_herd7,PASS,none
rtl_litmus_herd,WR_FENCE:6,RTL+coherence_model+exact_herd7,PASS,none
rtl_litmus_herd,WR_FENCE:7,RTL+coherence_model+exact_herd7,PASS,none
rtl_litmus_herd,WR_FENCE:8,RTL+coherence_model+exact_herd7,PASS,none
rtl_litmus_herd,WR_FENCE:9,RTL+coherence_model+exact_herd7,PASS,none
rtl_litmus_herd,WR_FENCE:10,RTL+coherence_model+exact_herd7,PASS,none
rtl_litmus_herd,WR_FENCE:11,RTL+coherence_model+exact_herd7,PASS,none
rtl_litmus_herd,WR_FENCE:12,RTL+coherence_model+exact_herd7,PASS,none
rtl_litmus_herd,WR_FENCE:13,RTL+coherence_model+exact_herd7,PASS,none
rtl_litmus_herd,WR_FENCE:14,RTL+coherence_model+exact_herd7,PASS,none
rtl_litmus_herd,WR_FENCE:15,RTL+coherence_model+exact_herd7,PASS,none
rtl_litmus_herd,WR_FENCE:16,RTL+coherence_model+exact_herd7,PASS,none
rtl_litmus_herd,WR_FENCE:17,RTL+coherence_model+exact_herd7,PASS,none
rtl_litmus_herd,WR_FENCE:18,RTL+coherence_model+exact_herd7,PASS,none
rtl_litmus_herd,WR_FENCE:19,RTL+coherence_model+exact_herd7,PASS,none
rtl_litmus_herd,WR_FENCE:20,RTL+coherence_model+exact_herd7,PASS,none
rtl_litmus_herd,WR_FENCE:21,RTL+coherence_model+exact_herd7,PASS,none
rtl_litmus_herd,WR_FENCE:22,RTL+coherence_model+exact_herd7,PASS,none
rtl_litmus_herd,WR_FENCE:23,RTL+coherence_model+exact_herd7,PASS,none
rtl_litmus_herd,WR_FENCE:24,RTL+coherence_model+exact_herd7,PASS,none
rtl_litmus_herd,CO-RR:0,RTL+coherence_model+exact_herd7,PASS,none
rtl_litmus_herd,CO-RR:1,RTL+coherence_model+exact_herd7,PASS,none
rtl_litmus_herd,CO-RR:2,RTL+coherence_model+exact_herd7,PASS,none
rtl_litmus_herd,CO-RR:3,RTL+coherence_model+exact_herd7,PASS,none
rtl_litmus_herd,CO-RR:4,RTL+coherence_model+exact_herd7,PASS,none
rtl_litmus_herd,CO-RR:5,RTL+coherence_model+exact_herd7,PASS,none
rtl_litmus_herd,CO-RR:6,RTL+coherence_model+exact_herd7,PASS,none
rtl_litmus_herd,CO-RR:7,RTL+coherence_model+exact_herd7,PASS,none
rtl_litmus_herd,CO-RR:8,RTL+coherence_model+exact_herd7,PASS,none
rtl_litmus_herd,CO-RR:9,RTL+coherence_model+exact_herd7,PASS,none
rtl_litmus_herd,CO-RR:10,RTL+coherence_model+exact_herd7,PASS,none
rtl_litmus_herd,CO-RR:11,RTL+coherence_model+exact_herd7,PASS,none
rtl_litmus_herd,CO-RR:12,RTL+coherence_model+exact_herd7,PASS,none
rtl_litmus_herd,CO-RR:13,RTL+coherence_model+exact_herd7,PASS,none
rtl_litmus_herd,CO-RR:14,RTL+coherence_model+exact_herd7,PASS,none
rtl_litmus_herd,CO-RR:15,RTL+coherence_model+exact_herd7,PASS,none
rtl_litmus_herd,CO-RR:16,RTL+coherence_model+exact_herd7,PASS,none
rtl_litmus_herd,CO-RR:17,RTL+coherence_model+exact_herd7,PASS,none
rtl_litmus_herd,CO-RR:18,RTL+coherence_model+exact_herd7,PASS,none
rtl_litmus_herd,CO-RR:19,RTL+coherence_model+exact_herd7,PASS,none
rtl_litmus_herd,CO-RR:20,RTL+coherence_model+exact_herd7,PASS,none
rtl_litmus_herd,CO-RR:21,RTL+coherence_model+exact_herd7,PASS,none
rtl_litmus_herd,CO-RR:22,RTL+coherence_model+exact_herd7,PASS,none
rtl_litmus_herd,CO-RR:23,RTL+coherence_model+exact_herd7,PASS,none
rtl_litmus_herd,CO-RR:24,RTL+coherence_model+exact_herd7,PASS,none
rtl_litmus_herd,CO-RR_FENCE:0,RTL+coherence_model+exact_herd7,PASS,none
rtl_litmus_herd,CO-RR_FENCE:1,RTL+coherence_model+exact_herd7,PASS,none
rtl_litmus_herd,CO-RR_FENCE:2,RTL+coherence_model+exact_herd7,PASS,none
rtl_litmus_herd,CO-RR_FENCE:3,RTL+coherence_model+exact_herd7,PASS,none
rtl_litmus_herd,CO-RR_FENCE:4,RTL+coherence_model+exact_herd7,PASS,none
rtl_litmus_herd,CO-RR_FENCE:5,RTL+coherence_model+exact_herd7,PASS,none
rtl_litmus_herd,CO-RR_FENCE:6,RTL+coherence_model+exact_herd7,PASS,none
rtl_litmus_herd,CO-RR_FENCE:7,RTL+coherence_model+exact_herd7,PASS,none
rtl_litmus_herd,CO-RR_FENCE:8,RTL+coherence_model+exact_herd7,PASS,none
rtl_litmus_herd,CO-RR_FENCE:9,RTL+coherence_model+exact_herd7,PASS,none
rtl_litmus_herd,CO-RR_FENCE:10,RTL+coherence_model+exact_herd7,PASS,none
rtl_litmus_herd,CO-RR_FENCE:11,RTL+coherence_model+exact_herd7,PASS,none
rtl_litmus_herd,CO-RR_FENCE:12,RTL+coherence_model+exact_herd7,PASS,none
rtl_litmus_herd,CO-RR_FENCE:13,RTL+coherence_model+exact_herd7,PASS,none
rtl_litmus_herd,CO-RR_FENCE:14,RTL+coherence_model+exact_herd7,PASS,none
rtl_litmus_herd,CO-RR_FENCE:15,RTL+coherence_model+exact_herd7,PASS,none
rtl_litmus_herd,CO-RR_FENCE:16,RTL+coherence_model+exact_herd7,PASS,none
rtl_litmus_herd,CO-RR_FENCE:17,RTL+coherence_model+exact_herd7,PASS,none
rtl_litmus_herd,CO-RR_FENCE:18,RTL+coherence_model+exact_herd7,PASS,none
rtl_litmus_herd,CO-RR_FENCE:19,RTL+coherence_model+exact_herd7,PASS,none
rtl_litmus_herd,CO-RR_FENCE:20,RTL+coherence_model+exact_herd7,PASS,none
rtl_litmus_herd,CO-RR_FENCE:21,RTL+coherence_model+exact_herd7,PASS,none
rtl_litmus_herd,CO-RR_FENCE:22,RTL+coherence_model+exact_herd7,PASS,none
rtl_litmus_herd,CO-RR_FENCE:23,RTL+coherence_model+exact_herd7,PASS,none
rtl_litmus_herd,CO-RR_FENCE:24,RTL+coherence_model+exact_herd7,PASS,none
rtl_litmus_herd,CO-WW:0,RTL+coherence_model+exact_herd7,PASS,none
rtl_litmus_herd,CO-WW:1,RTL+coherence_model+exact_herd7,PASS,none
rtl_litmus_herd,CO-WW:2,RTL+coherence_model+exact_herd7,PASS,none
rtl_litmus_herd,CO-WW:3,RTL+coherence_model+exact_herd7,PASS,none
rtl_litmus_herd,CO-WW:4,RTL+coherence_model+exact_herd7,PASS,none
rtl_litmus_herd,CO-WW:5,RTL+coherence_model+exact_herd7,PASS,none
rtl_litmus_herd,CO-WW:6,RTL+coherence_model+exact_herd7,PASS,none
rtl_litmus_herd,CO-WW:7,RTL+coherence_model+exact_herd7,PASS,none
rtl_litmus_herd,CO-WW:8,RTL+coherence_model+exact_herd7,PASS,none
rtl_litmus_herd,CO-WW:9,RTL+coherence_model+exact_herd7,PASS,none
rtl_litmus_herd,CO-WW:10,RTL+coherence_model+exact_herd7,PASS,none
rtl_litmus_herd,CO-WW:11,RTL+coherence_model+exact_herd7,PASS,none
rtl_litmus_herd,CO-WW:12,RTL+coherence_model+exact_herd7,PASS,none
rtl_litmus_herd,CO-WW:13,RTL+coherence_model+exact_herd7,PASS,none
rtl_litmus_herd,CO-WW:14,RTL+coherence_model+exact_herd7,PASS,none
rtl_litmus_herd,CO-WW:15,RTL+coherence_model+exact_herd7,PASS,none
rtl_litmus_herd,CO-WW:16,RTL+coherence_model+exact_herd7,PASS,none
rtl_litmus_herd,CO-WW:17,RTL+coherence_model+exact_herd7,PASS,none
rtl_litmus_herd,CO-WW:18,RTL+coherence_model+exact_herd7,PASS,none
rtl_litmus_herd,CO-WW:19,RTL+coherence_model+exact_herd7,PASS,none
rtl_litmus_herd,CO-WW:20,RTL+coherence_model+exact_herd7,PASS,none
rtl_litmus_herd,CO-WW:21,RTL+coherence_model+exact_herd7,PASS,none
rtl_litmus_herd,CO-WW:22,RTL+coherence_model+exact_herd7,PASS,none
rtl_litmus_herd,CO-WW:23,RTL+coherence_model+exact_herd7,PASS,none
rtl_litmus_herd,CO-WW:24,RTL+coherence_model+exact_herd7,PASS,none
rtl_litmus_herd,CO-WW_FENCE:0,RTL+coherence_model+exact_herd7,PASS,none
rtl_litmus_herd,CO-WW_FENCE:1,RTL+coherence_model+exact_herd7,PASS,none
rtl_litmus_herd,CO-WW_FENCE:2,RTL+coherence_model+exact_herd7,PASS,none
rtl_litmus_herd,CO-WW_FENCE:3,RTL+coherence_model+exact_herd7,PASS,none
rtl_litmus_herd,CO-WW_FENCE:4,RTL+coherence_model+exact_herd7,PASS,none
rtl_litmus_herd,CO-WW_FENCE:5,RTL+coherence_model+exact_herd7,PASS,none
rtl_litmus_herd,CO-WW_FENCE:6,RTL+coherence_model+exact_herd7,PASS,none
rtl_litmus_herd,CO-WW_FENCE:7,RTL+coherence_model+exact_herd7,PASS,none
rtl_litmus_herd,CO-WW_FENCE:8,RTL+coherence_model+exact_herd7,PASS,none
rtl_litmus_herd,CO-WW_FENCE:9,RTL+coherence_model+exact_herd7,PASS,none
rtl_litmus_herd,CO-WW_FENCE:10,RTL+coherence_model+exact_herd7,PASS,none
rtl_litmus_herd,CO-WW_FENCE:11,RTL+coherence_model+exact_herd7,PASS,none
rtl_litmus_herd,CO-WW_FENCE:12,RTL+coherence_model+exact_herd7,PASS,none
rtl_litmus_herd,CO-WW_FENCE:13,RTL+coherence_model+exact_herd7,PASS,none
rtl_litmus_herd,CO-WW_FENCE:14,RTL+coherence_model+exact_herd7,PASS,none
rtl_litmus_herd,CO-WW_FENCE:15,RTL+coherence_model+exact_herd7,PASS,none
rtl_litmus_herd,CO-WW_FENCE:16,RTL+coherence_model+exact_herd7,PASS,none
rtl_litmus_herd,CO-WW_FENCE:17,RTL+coherence_model+exact_herd7,PASS,none
rtl_litmus_herd,CO-WW_FENCE:18,RTL+coherence_model+exact_herd7,PASS,none
rtl_litmus_herd,CO-WW_FENCE:19,RTL+coherence_model+exact_herd7,PASS,none
rtl_litmus_herd,CO-WW_FENCE:20,RTL+coherence_model+exact_herd7,PASS,none
rtl_litmus_herd,CO-WW_FENCE:21,RTL+coherence_model+exact_herd7,PASS,none
rtl_litmus_herd,CO-WW_FENCE:22,RTL+coherence_model+exact_herd7,PASS,none
rtl_litmus_herd,CO-WW_FENCE:23,RTL+coherence_model+exact_herd7,PASS,none
rtl_litmus_herd,CO-WW_FENCE:24,RTL+coherence_model+exact_herd7,PASS,none
rtl_litmus_herd,WRC:0,RTL+coherence_model+exact_herd7,PASS,none
rtl_litmus_herd,WRC:1,RTL+coherence_model+exact_herd7,PASS,none
rtl_litmus_herd,WRC:2,RTL+coherence_model+exact_herd7,PASS,none
rtl_litmus_herd,WRC:3,RTL+coherence_model+exact_herd7,PASS,none
rtl_litmus_herd,WRC:4,RTL+coherence_model+exact_herd7,PASS,none
rtl_litmus_herd,WRC:5,RTL+coherence_model+exact_herd7,PASS,none
rtl_litmus_herd,WRC:6,RTL+coherence_model+exact_herd7,PASS,none
rtl_litmus_herd,WRC:7,RTL+coherence_model+exact_herd7,PASS,none
rtl_litmus_herd,WRC:8,RTL+coherence_model+exact_herd7,PASS,none
rtl_litmus_herd,WRC:9,RTL+coherence_model+exact_herd7,PASS,none
rtl_litmus_herd,WRC:10,RTL+coherence_model+exact_herd7,PASS,none
rtl_litmus_herd,WRC:11,RTL+coherence_model+exact_herd7,PASS,none
rtl_litmus_herd,WRC:12,RTL+coherence_model+exact_herd7,PASS,none
rtl_litmus_herd,WRC:13,RTL+coherence_model+exact_herd7,PASS,none
rtl_litmus_herd,WRC:14,RTL+coherence_model+exact_herd7,PASS,none
rtl_litmus_herd,WRC:15,RTL+coherence_model+exact_herd7,PASS,none
rtl_litmus_herd,WRC:16,RTL+coherence_model+exact_herd7,PASS,none
rtl_litmus_herd,WRC:17,RTL+coherence_model+exact_herd7,PASS,none
rtl_litmus_herd,WRC:18,RTL+coherence_model+exact_herd7,PASS,none
rtl_litmus_herd,WRC:19,RTL+coherence_model+exact_herd7,PASS,none
rtl_litmus_herd,WRC:20,RTL+coherence_model+exact_herd7,PASS,none
rtl_litmus_herd,WRC:21,RTL+coherence_model+exact_herd7,PASS,none
rtl_litmus_herd,WRC:22,RTL+coherence_model+exact_herd7,PASS,none
rtl_litmus_herd,WRC:23,RTL+coherence_model+exact_herd7,PASS,none
rtl_litmus_herd,WRC:24,RTL+coherence_model+exact_herd7,PASS,none
rtl_litmus_herd,WRC_FENCE:0,RTL+coherence_model+exact_herd7,PASS,none
rtl_litmus_herd,WRC_FENCE:1,RTL+coherence_model+exact_herd7,PASS,none
rtl_litmus_herd,WRC_FENCE:2,RTL+coherence_model+exact_herd7,PASS,none
rtl_litmus_herd,WRC_FENCE:3,RTL+coherence_model+exact_herd7,PASS,none
rtl_litmus_herd,WRC_FENCE:4,RTL+coherence_model+exact_herd7,PASS,none
rtl_litmus_herd,WRC_FENCE:5,RTL+coherence_model+exact_herd7,PASS,none
rtl_litmus_herd,WRC_FENCE:6,RTL+coherence_model+exact_herd7,PASS,none
rtl_litmus_herd,WRC_FENCE:7,RTL+coherence_model+exact_herd7,PASS,none
rtl_litmus_herd,WRC_FENCE:8,RTL+coherence_model+exact_herd7,PASS,none
rtl_litmus_herd,WRC_FENCE:9,RTL+coherence_model+exact_herd7,PASS,none
rtl_litmus_herd,WRC_FENCE:10,RTL+coherence_model+exact_herd7,PASS,none
rtl_litmus_herd,WRC_FENCE:11,RTL+coherence_model+exact_herd7,PASS,none
rtl_litmus_herd,WRC_FENCE:12,RTL+coherence_model+exact_herd7,PASS,none
rtl_litmus_herd,WRC_FENCE:13,RTL+coherence_model+exact_herd7,PASS,none
rtl_litmus_herd,WRC_FENCE:14,RTL+coherence_model+exact_herd7,PASS,none
rtl_litmus_herd,WRC_FENCE:15,RTL+coherence_model+exact_herd7,PASS,none
rtl_litmus_herd,WRC_FENCE:16,RTL+coherence_model+exact_herd7,PASS,none
rtl_litmus_herd,WRC_FENCE:17,RTL+coherence_model+exact_herd7,PASS,none
rtl_litmus_herd,WRC_FENCE:18,RTL+coherence_model+exact_herd7,PASS,none
rtl_litmus_herd,WRC_FENCE:19,RTL+coherence_model+exact_herd7,PASS,none
rtl_litmus_herd,WRC_FENCE:20,RTL+coherence_model+exact_herd7,PASS,none
rtl_litmus_herd,WRC_FENCE:21,RTL+coherence_model+exact_herd7,PASS,none
rtl_litmus_herd,WRC_FENCE:22,RTL+coherence_model+exact_herd7,PASS,none
rtl_litmus_herd,WRC_FENCE:23,RTL+coherence_model+exact_herd7,PASS,none
rtl_litmus_herd,WRC_FENCE:24,RTL+coherence_model+exact_herd7,PASS,none
directed_rtl_final_state,sb_youngest_forward_h0,RTL+event_model+final_backing_and_cache_state,PASS,none
directed_rtl_final_state,sb_youngest_forward_h1,RTL+event_model+final_backing_and_cache_state,PASS,none
directed_rtl_final_state,sb_nonoverlap_bypass_h0,RTL+event_model+final_backing_and_cache_state,PASS,none
directed_rtl_final_state,sb_nonoverlap_bypass_h1,RTL+event_model+final_backing_and_cache_state,PASS,none
directed_rtl_final_state,sb_full_stall,RTL+event_model+final_backing_and_cache_state,PASS,none
directed_rtl_final_state,sb_wrap_h0,RTL+event_model+final_backing_and_cache_state,PASS,none
directed_rtl_final_state,sb_wrap_h1,RTL+event_model+final_backing_and_cache_state,PASS,none
directed_rtl_final_state,fence_occupancy_two,RTL+event_model+final_backing_and_cache_state,PASS,none
directed_rtl_final_state,mailbox_unfenced_overtake,RTL+event_model+final_backing_and_cache_state,PASS,none
directed_rtl_final_state,mailbox_fenced_order,RTL+event_model+final_backing_and_cache_state,PASS,none
directed_rtl_final_state,clean_conflict_h0,RTL+event_model+final_backing_and_cache_state,PASS,none
directed_rtl_final_state,clean_conflict_h1,RTL+event_model+final_backing_and_cache_state,PASS,none
directed_rtl_final_state,dirty_conflict_h0,RTL+event_model+final_backing_and_cache_state,PASS,none
directed_rtl_final_state,dirty_conflict_h1,RTL+event_model+final_backing_and_cache_state,PASS,none
directed_rtl_final_state,shared_upgrade_h0,RTL+event_model+final_backing_and_cache_state,PASS,none
directed_rtl_final_state,shared_upgrade_h1,RTL+event_model+final_backing_and_cache_state,PASS,none
directed_rtl_final_state,dirty_intervention_h0_h1,RTL+event_model+final_backing_and_cache_state,PASS,none
directed_rtl_final_state,dirty_intervention_h1_h0,RTL+event_model+final_backing_and_cache_state,PASS,none
directed_rtl_final_state,same_line_read_write,RTL+event_model+final_backing_and_cache_state,PASS,none
directed_rtl_final_state,same_line_write_write,RTL+event_model+final_backing_and_cache_state,PASS,none
directed_rtl_final_state,dual_bank_overlap_end_to_end,RTL+event_model+final_backing_and_cache_state,PASS,none
operational_exploration,SB:0,operational_model_only,PASS,none
operational_exploration,SB:1,operational_model_only,PASS,none
operational_exploration,SB:2,operational_model_only,PASS,none
operational_exploration,SB:3,operational_model_only,PASS,none
operational_exploration,SB:4,operational_model_only,PASS,none
operational_exploration,SB:5,operational_model_only,PASS,none
operational_exploration,SB:6,operational_model_only,PASS,none
operational_exploration,SB:7,operational_model_only,PASS,none
operational_exploration,SB:8,operational_model_only,PASS,none
operational_exploration,SB:9,operational_model_only,PASS,none
operational_exploration,SB:10,operational_model_only,PASS,none
operational_exploration,SB:11,operational_model_only,PASS,none
operational_exploration,SB:12,operational_model_only,PASS,none
operational_exploration,SB:13,operational_model_only,PASS,none
operational_exploration,SB:14,operational_model_only,PASS,none
operational_exploration,SB:15,operational_model_only,PASS,none
operational_exploration,SB:16,operational_model_only,PASS,none
operational_exploration,SB:17,operational_model_only,PASS,none
operational_exploration,SB:18,operational_model_only,PASS,none
operational_exploration,SB:19,operational_model_only,PASS,none
operational_exploration,SB:20,operational_model_only,PASS,none
operational_exploration,SB:21,operational_model_only,PASS,none
operational_exploration,SB:22,operational_model_only,PASS,none
operational_exploration,SB:23,operational_model_only,PASS,none
operational_exploration,SB:24,operational_model_only,PASS,none
operational_exploration,SB_FENCE:0,operational_model_only,PASS,none
operational_exploration,SB_FENCE:1,operational_model_only,PASS,none
operational_exploration,SB_FENCE:2,operational_model_only,PASS,none
operational_exploration,SB_FENCE:3,operational_model_only,PASS,none
operational_exploration,SB_FENCE:4,operational_model_only,PASS,none
operational_exploration,SB_FENCE:5,operational_model_only,PASS,none
operational_exploration,SB_FENCE:6,operational_model_only,PASS,none
operational_exploration,SB_FENCE:7,operational_model_only,PASS,none
operational_exploration,SB_FENCE:8,operational_model_only,PASS,none
operational_exploration,SB_FENCE:9,operational_model_only,PASS,none
operational_exploration,SB_FENCE:10,operational_model_only,PASS,none
operational_exploration,SB_FENCE:11,operational_model_only,PASS,none
operational_exploration,SB_FENCE:12,operational_model_only,PASS,none
operational_exploration,SB_FENCE:13,operational_model_only,PASS,none
operational_exploration,SB_FENCE:14,operational_model_only,PASS,none
operational_exploration,SB_FENCE:15,operational_model_only,PASS,none
operational_exploration,SB_FENCE:16,operational_model_only,PASS,none
operational_exploration,SB_FENCE:17,operational_model_only,PASS,none
operational_exploration,SB_FENCE:18,operational_model_only,PASS,none
operational_exploration,SB_FENCE:19,operational_model_only,PASS,none
operational_exploration,SB_FENCE:20,operational_model_only,PASS,none
operational_exploration,SB_FENCE:21,operational_model_only,PASS,none
operational_exploration,SB_FENCE:22,operational_model_only,PASS,none
operational_exploration,SB_FENCE:23,operational_model_only,PASS,none
operational_exploration,SB_FENCE:24,operational_model_only,PASS,none
operational_exploration,MP:0,operational_model_only,PASS,none
operational_exploration,MP:1,operational_model_only,PASS,none
operational_exploration,MP:2,operational_model_only,PASS,none
operational_exploration,MP:3,operational_model_only,PASS,none
operational_exploration,MP:4,operational_model_only,PASS,none
operational_exploration,MP:5,operational_model_only,PASS,none
operational_exploration,MP:6,operational_model_only,PASS,none
operational_exploration,MP:7,operational_model_only,PASS,none
operational_exploration,MP:8,operational_model_only,PASS,none
operational_exploration,MP:9,operational_model_only,PASS,none
operational_exploration,MP:10,operational_model_only,PASS,none
operational_exploration,MP:11,operational_model_only,PASS,none
operational_exploration,MP:12,operational_model_only,PASS,none
operational_exploration,MP:13,operational_model_only,PASS,none
operational_exploration,MP:14,operational_model_only,PASS,none
operational_exploration,MP:15,operational_model_only,PASS,none
operational_exploration,MP:16,operational_model_only,PASS,none
operational_exploration,MP:17,operational_model_only,PASS,none
operational_exploration,MP:18,operational_model_only,PASS,none
operational_exploration,MP:19,operational_model_only,PASS,none
operational_exploration,MP:20,operational_model_only,PASS,none
operational_exploration,MP:21,operational_model_only,PASS,none
operational_exploration,MP:22,operational_model_only,PASS,none
operational_exploration,MP:23,operational_model_only,PASS,none
operational_exploration,MP:24,operational_model_only,PASS,none
operational_exploration,MP_FENCE:0,operational_model_only,PASS,none
operational_exploration,MP_FENCE:1,operational_model_only,PASS,none
operational_exploration,MP_FENCE:2,operational_model_only,PASS,none
operational_exploration,MP_FENCE:3,operational_model_only,PASS,none
operational_exploration,MP_FENCE:4,operational_model_only,PASS,none
operational_exploration,MP_FENCE:5,operational_model_only,PASS,none
operational_exploration,MP_FENCE:6,operational_model_only,PASS,none
operational_exploration,MP_FENCE:7,operational_model_only,PASS,none
operational_exploration,MP_FENCE:8,operational_model_only,PASS,none
operational_exploration,MP_FENCE:9,operational_model_only,PASS,none
operational_exploration,MP_FENCE:10,operational_model_only,PASS,none
operational_exploration,MP_FENCE:11,operational_model_only,PASS,none
operational_exploration,MP_FENCE:12,operational_model_only,PASS,none
operational_exploration,MP_FENCE:13,operational_model_only,PASS,none
operational_exploration,MP_FENCE:14,operational_model_only,PASS,none
operational_exploration,MP_FENCE:15,operational_model_only,PASS,none
operational_exploration,MP_FENCE:16,operational_model_only,PASS,none
operational_exploration,MP_FENCE:17,operational_model_only,PASS,none
operational_exploration,MP_FENCE:18,operational_model_only,PASS,none
operational_exploration,MP_FENCE:19,operational_model_only,PASS,none
operational_exploration,MP_FENCE:20,operational_model_only,PASS,none
operational_exploration,MP_FENCE:21,operational_model_only,PASS,none
operational_exploration,MP_FENCE:22,operational_model_only,PASS,none
operational_exploration,MP_FENCE:23,operational_model_only,PASS,none
operational_exploration,MP_FENCE:24,operational_model_only,PASS,none
operational_exploration,LB:0,operational_model_only,PASS,none
operational_exploration,LB:1,operational_model_only,PASS,none
operational_exploration,LB:2,operational_model_only,PASS,none
operational_exploration,LB:3,operational_model_only,PASS,none
operational_exploration,LB:4,operational_model_only,PASS,none
operational_exploration,LB:5,operational_model_only,PASS,none
operational_exploration,LB:6,operational_model_only,PASS,none
operational_exploration,LB:7,operational_model_only,PASS,none
operational_exploration,LB:8,operational_model_only,PASS,none
operational_exploration,LB:9,operational_model_only,PASS,none
operational_exploration,LB:10,operational_model_only,PASS,none
operational_exploration,LB:11,operational_model_only,PASS,none
operational_exploration,LB:12,operational_model_only,PASS,none
operational_exploration,LB:13,operational_model_only,PASS,none
operational_exploration,LB:14,operational_model_only,PASS,none
operational_exploration,LB:15,operational_model_only,PASS,none
operational_exploration,LB:16,operational_model_only,PASS,none
operational_exploration,LB:17,operational_model_only,PASS,none
operational_exploration,LB:18,operational_model_only,PASS,none
operational_exploration,LB:19,operational_model_only,PASS,none
operational_exploration,LB:20,operational_model_only,PASS,none
operational_exploration,LB:21,operational_model_only,PASS,none
operational_exploration,LB:22,operational_model_only,PASS,none
operational_exploration,LB:23,operational_model_only,PASS,none
operational_exploration,LB:24,operational_model_only,PASS,none
operational_exploration,LB_FENCE:0,operational_model_only,PASS,none
operational_exploration,LB_FENCE:1,operational_model_only,PASS,none
operational_exploration,LB_FENCE:2,operational_model_only,PASS,none
operational_exploration,LB_FENCE:3,operational_model_only,PASS,none
operational_exploration,LB_FENCE:4,operational_model_only,PASS,none
operational_exploration,LB_FENCE:5,operational_model_only,PASS,none
operational_exploration,LB_FENCE:6,operational_model_only,PASS,none
operational_exploration,LB_FENCE:7,operational_model_only,PASS,none
operational_exploration,LB_FENCE:8,operational_model_only,PASS,none
operational_exploration,LB_FENCE:9,operational_model_only,PASS,none
operational_exploration,LB_FENCE:10,operational_model_only,PASS,none
operational_exploration,LB_FENCE:11,operational_model_only,PASS,none
operational_exploration,LB_FENCE:12,operational_model_only,PASS,none
operational_exploration,LB_FENCE:13,operational_model_only,PASS,none
operational_exploration,LB_FENCE:14,operational_model_only,PASS,none
operational_exploration,LB_FENCE:15,operational_model_only,PASS,none
operational_exploration,LB_FENCE:16,operational_model_only,PASS,none
operational_exploration,LB_FENCE:17,operational_model_only,PASS,none
operational_exploration,LB_FENCE:18,operational_model_only,PASS,none
operational_exploration,LB_FENCE:19,operational_model_only,PASS,none
operational_exploration,LB_FENCE:20,operational_model_only,PASS,none
operational_exploration,LB_FENCE:21,operational_model_only,PASS,none
operational_exploration,LB_FENCE:22,operational_model_only,PASS,none
operational_exploration,LB_FENCE:23,operational_model_only,PASS,none
operational_exploration,LB_FENCE:24,operational_model_only,PASS,none
operational_exploration,RW:0,operational_model_only,PASS,none
operational_exploration,RW:1,operational_model_only,PASS,none
operational_exploration,RW:2,operational_model_only,PASS,none
operational_exploration,RW:3,operational_model_only,PASS,none
operational_exploration,RW:4,operational_model_only,PASS,none
operational_exploration,RW:5,operational_model_only,PASS,none
operational_exploration,RW:6,operational_model_only,PASS,none
operational_exploration,RW:7,operational_model_only,PASS,none
operational_exploration,RW:8,operational_model_only,PASS,none
operational_exploration,RW:9,operational_model_only,PASS,none
operational_exploration,RW:10,operational_model_only,PASS,none
operational_exploration,RW:11,operational_model_only,PASS,none
operational_exploration,RW:12,operational_model_only,PASS,none
operational_exploration,RW:13,operational_model_only,PASS,none
operational_exploration,RW:14,operational_model_only,PASS,none
operational_exploration,RW:15,operational_model_only,PASS,none
operational_exploration,RW:16,operational_model_only,PASS,none
operational_exploration,RW:17,operational_model_only,PASS,none
operational_exploration,RW:18,operational_model_only,PASS,none
operational_exploration,RW:19,operational_model_only,PASS,none
operational_exploration,RW:20,operational_model_only,PASS,none
operational_exploration,RW:21,operational_model_only,PASS,none
operational_exploration,RW:22,operational_model_only,PASS,none
operational_exploration,RW:23,operational_model_only,PASS,none
operational_exploration,RW:24,operational_model_only,PASS,none
operational_exploration,RW_FENCE:0,operational_model_only,PASS,none
operational_exploration,RW_FENCE:1,operational_model_only,PASS,none
operational_exploration,RW_FENCE:2,operational_model_only,PASS,none
operational_exploration,RW_FENCE:3,operational_model_only,PASS,none
operational_exploration,RW_FENCE:4,operational_model_only,PASS,none
operational_exploration,RW_FENCE:5,operational_model_only,PASS,none
operational_exploration,RW_FENCE:6,operational_model_only,PASS,none
operational_exploration,RW_FENCE:7,operational_model_only,PASS,none
operational_exploration,RW_FENCE:8,operational_model_only,PASS,none
operational_exploration,RW_FENCE:9,operational_model_only,PASS,none
operational_exploration,RW_FENCE:10,operational_model_only,PASS,none
operational_exploration,RW_FENCE:11,operational_model_only,PASS,none
operational_exploration,RW_FENCE:12,operational_model_only,PASS,none
operational_exploration,RW_FENCE:13,operational_model_only,PASS,none
operational_exploration,RW_FENCE:14,operational_model_only,PASS,none
operational_exploration,RW_FENCE:15,operational_model_only,PASS,none
operational_exploration,RW_FENCE:16,operational_model_only,PASS,none
operational_exploration,RW_FENCE:17,operational_model_only,PASS,none
operational_exploration,RW_FENCE:18,operational_model_only,PASS,none
operational_exploration,RW_FENCE:19,operational_model_only,PASS,none
operational_exploration,RW_FENCE:20,operational_model_only,PASS,none
operational_exploration,RW_FENCE:21,operational_model_only,PASS,none
operational_exploration,RW_FENCE:22,operational_model_only,PASS,none
operational_exploration,RW_FENCE:23,operational_model_only,PASS,none
operational_exploration,RW_FENCE:24,operational_model_only,PASS,none
operational_exploration,WR:0,operational_model_only,PASS,none
operational_exploration,WR:1,operational_model_only,PASS,none
operational_exploration,WR:2,operational_model_only,PASS,none
operational_exploration,WR:3,operational_model_only,PASS,none
operational_exploration,WR:4,operational_model_only,PASS,none
operational_exploration,WR:5,operational_model_only,PASS,none
operational_exploration,WR:6,operational_model_only,PASS,none
operational_exploration,WR:7,operational_model_only,PASS,none
operational_exploration,WR:8,operational_model_only,PASS,none
operational_exploration,WR:9,operational_model_only,PASS,none
operational_exploration,WR:10,operational_model_only,PASS,none
operational_exploration,WR:11,operational_model_only,PASS,none
operational_exploration,WR:12,operational_model_only,PASS,none
operational_exploration,WR:13,operational_model_only,PASS,none
operational_exploration,WR:14,operational_model_only,PASS,none
operational_exploration,WR:15,operational_model_only,PASS,none
operational_exploration,WR:16,operational_model_only,PASS,none
operational_exploration,WR:17,operational_model_only,PASS,none
operational_exploration,WR:18,operational_model_only,PASS,none
operational_exploration,WR:19,operational_model_only,PASS,none
operational_exploration,WR:20,operational_model_only,PASS,none
operational_exploration,WR:21,operational_model_only,PASS,none
operational_exploration,WR:22,operational_model_only,PASS,none
operational_exploration,WR:23,operational_model_only,PASS,none
operational_exploration,WR:24,operational_model_only,PASS,none
operational_exploration,WR_FENCE:0,operational_model_only,PASS,none
operational_exploration,WR_FENCE:1,operational_model_only,PASS,none
operational_exploration,WR_FENCE:2,operational_model_only,PASS,none
operational_exploration,WR_FENCE:3,operational_model_only,PASS,none
operational_exploration,WR_FENCE:4,operational_model_only,PASS,none
operational_exploration,WR_FENCE:5,operational_model_only,PASS,none
operational_exploration,WR_FENCE:6,operational_model_only,PASS,none
operational_exploration,WR_FENCE:7,operational_model_only,PASS,none
operational_exploration,WR_FENCE:8,operational_model_only,PASS,none
operational_exploration,WR_FENCE:9,operational_model_only,PASS,none
operational_exploration,WR_FENCE:10,operational_model_only,PASS,none
operational_exploration,WR_FENCE:11,operational_model_only,PASS,none
operational_exploration,WR_FENCE:12,operational_model_only,PASS,none
operational_exploration,WR_FENCE:13,operational_model_only,PASS,none
operational_exploration,WR_FENCE:14,operational_model_only,PASS,none
operational_exploration,WR_FENCE:15,operational_model_only,PASS,none
operational_exploration,WR_FENCE:16,operational_model_only,PASS,none
operational_exploration,WR_FENCE:17,operational_model_only,PASS,none
operational_exploration,WR_FENCE:18,operational_model_only,PASS,none
operational_exploration,WR_FENCE:19,operational_model_only,PASS,none
operational_exploration,WR_FENCE:20,operational_model_only,PASS,none
operational_exploration,WR_FENCE:21,operational_model_only,PASS,none
operational_exploration,WR_FENCE:22,operational_model_only,PASS,none
operational_exploration,WR_FENCE:23,operational_model_only,PASS,none
operational_exploration,WR_FENCE:24,operational_model_only,PASS,none
operational_exploration,CO-RR:0,operational_model_only,PASS,none
operational_exploration,CO-RR:1,operational_model_only,PASS,none
operational_exploration,CO-RR:2,operational_model_only,PASS,none
operational_exploration,CO-RR:3,operational_model_only,PASS,none
operational_exploration,CO-RR:4,operational_model_only,PASS,none
operational_exploration,CO-RR:5,operational_model_only,PASS,none
operational_exploration,CO-RR:6,operational_model_only,PASS,none
operational_exploration,CO-RR:7,operational_model_only,PASS,none
operational_exploration,CO-RR:8,operational_model_only,PASS,none
operational_exploration,CO-RR:9,operational_model_only,PASS,none
operational_exploration,CO-RR:10,operational_model_only,PASS,none
operational_exploration,CO-RR:11,operational_model_only,PASS,none
operational_exploration,CO-RR:12,operational_model_only,PASS,none
operational_exploration,CO-RR:13,operational_model_only,PASS,none
operational_exploration,CO-RR:14,operational_model_only,PASS,none
operational_exploration,CO-RR:15,operational_model_only,PASS,none
operational_exploration,CO-RR:16,operational_model_only,PASS,none
operational_exploration,CO-RR:17,operational_model_only,PASS,none
operational_exploration,CO-RR:18,operational_model_only,PASS,none
operational_exploration,CO-RR:19,operational_model_only,PASS,none
operational_exploration,CO-RR:20,operational_model_only,PASS,none
operational_exploration,CO-RR:21,operational_model_only,PASS,none
operational_exploration,CO-RR:22,operational_model_only,PASS,none
operational_exploration,CO-RR:23,operational_model_only,PASS,none
operational_exploration,CO-RR:24,operational_model_only,PASS,none
operational_exploration,CO-RR_FENCE:0,operational_model_only,PASS,none
operational_exploration,CO-RR_FENCE:1,operational_model_only,PASS,none
operational_exploration,CO-RR_FENCE:2,operational_model_only,PASS,none
operational_exploration,CO-RR_FENCE:3,operational_model_only,PASS,none
operational_exploration,CO-RR_FENCE:4,operational_model_only,PASS,none
operational_exploration,CO-RR_FENCE:5,operational_model_only,PASS,none
operational_exploration,CO-RR_FENCE:6,operational_model_only,PASS,none
operational_exploration,CO-RR_FENCE:7,operational_model_only,PASS,none
operational_exploration,CO-RR_FENCE:8,operational_model_only,PASS,none
operational_exploration,CO-RR_FENCE:9,operational_model_only,PASS,none
operational_exploration,CO-RR_FENCE:10,operational_model_only,PASS,none
operational_exploration,CO-RR_FENCE:11,operational_model_only,PASS,none
operational_exploration,CO-RR_FENCE:12,operational_model_only,PASS,none
operational_exploration,CO-RR_FENCE:13,operational_model_only,PASS,none
operational_exploration,CO-RR_FENCE:14,operational_model_only,PASS,none
operational_exploration,CO-RR_FENCE:15,operational_model_only,PASS,none
operational_exploration,CO-RR_FENCE:16,operational_model_only,PASS,none
operational_exploration,CO-RR_FENCE:17,operational_model_only,PASS,none
operational_exploration,CO-RR_FENCE:18,operational_model_only,PASS,none
operational_exploration,CO-RR_FENCE:19,operational_model_only,PASS,none
operational_exploration,CO-RR_FENCE:20,operational_model_only,PASS,none
operational_exploration,CO-RR_FENCE:21,operational_model_only,PASS,none
operational_exploration,CO-RR_FENCE:22,operational_model_only,PASS,none
operational_exploration,CO-RR_FENCE:23,operational_model_only,PASS,none
operational_exploration,CO-RR_FENCE:24,operational_model_only,PASS,none
operational_exploration,CO-WW:0,operational_model_only,PASS,none
operational_exploration,CO-WW:1,operational_model_only,PASS,none
operational_exploration,CO-WW:2,operational_model_only,PASS,none
operational_exploration,CO-WW:3,operational_model_only,PASS,none
operational_exploration,CO-WW:4,operational_model_only,PASS,none
operational_exploration,CO-WW:5,operational_model_only,PASS,none
operational_exploration,CO-WW:6,operational_model_only,PASS,none
operational_exploration,CO-WW:7,operational_model_only,PASS,none
operational_exploration,CO-WW:8,operational_model_only,PASS,none
operational_exploration,CO-WW:9,operational_model_only,PASS,none
operational_exploration,CO-WW:10,operational_model_only,PASS,none
operational_exploration,CO-WW:11,operational_model_only,PASS,none
operational_exploration,CO-WW:12,operational_model_only,PASS,none
operational_exploration,CO-WW:13,operational_model_only,PASS,none
operational_exploration,CO-WW:14,operational_model_only,PASS,none
operational_exploration,CO-WW:15,operational_model_only,PASS,none
operational_exploration,CO-WW:16,operational_model_only,PASS,none
operational_exploration,CO-WW:17,operational_model_only,PASS,none
operational_exploration,CO-WW:18,operational_model_only,PASS,none
operational_exploration,CO-WW:19,operational_model_only,PASS,none
operational_exploration,CO-WW:20,operational_model_only,PASS,none
operational_exploration,CO-WW:21,operational_model_only,PASS,none
operational_exploration,CO-WW:22,operational_model_only,PASS,none
operational_exploration,CO-WW:23,operational_model_only,PASS,none
operational_exploration,CO-WW:24,operational_model_only,PASS,none
operational_exploration,CO-WW_FENCE:0,operational_model_only,PASS,none
operational_exploration,CO-WW_FENCE:1,operational_model_only,PASS,none
operational_exploration,CO-WW_FENCE:2,operational_model_only,PASS,none
operational_exploration,CO-WW_FENCE:3,operational_model_only,PASS,none
operational_exploration,CO-WW_FENCE:4,operational_model_only,PASS,none
operational_exploration,CO-WW_FENCE:5,operational_model_only,PASS,none
operational_exploration,CO-WW_FENCE:6,operational_model_only,PASS,none
operational_exploration,CO-WW_FENCE:7,operational_model_only,PASS,none
operational_exploration,CO-WW_FENCE:8,operational_model_only,PASS,none
operational_exploration,CO-WW_FENCE:9,operational_model_only,PASS,none
operational_exploration,CO-WW_FENCE:10,operational_model_only,PASS,none
operational_exploration,CO-WW_FENCE:11,operational_model_only,PASS,none
operational_exploration,CO-WW_FENCE:12,operational_model_only,PASS,none
operational_exploration,CO-WW_FENCE:13,operational_model_only,PASS,none
operational_exploration,CO-WW_FENCE:14,operational_model_only,PASS,none
operational_exploration,CO-WW_FENCE:15,operational_model_only,PASS,none
operational_exploration,CO-WW_FENCE:16,operational_model_only,PASS,none
operational_exploration,CO-WW_FENCE:17,operational_model_only,PASS,none
operational_exploration,CO-WW_FENCE:18,operational_model_only,PASS,none
operational_exploration,CO-WW_FENCE:19,operational_model_only,PASS,none
operational_exploration,CO-WW_FENCE:20,operational_model_only,PASS,none
operational_exploration,CO-WW_FENCE:21,operational_model_only,PASS,none
operational_exploration,CO-WW_FENCE:22,operational_model_only,PASS,none
operational_exploration,CO-WW_FENCE:23,operational_model_only,PASS,none
operational_exploration,CO-WW_FENCE:24,operational_model_only,PASS,none
operational_exploration,WRC:0,operational_model_only,PASS,none
operational_exploration,WRC:1,operational_model_only,PASS,none
operational_exploration,WRC:2,operational_model_only,PASS,none
operational_exploration,WRC:3,operational_model_only,PASS,none
operational_exploration,WRC:4,operational_model_only,PASS,none
operational_exploration,WRC:5,operational_model_only,PASS,none
operational_exploration,WRC:6,operational_model_only,PASS,none
operational_exploration,WRC:7,operational_model_only,PASS,none
operational_exploration,WRC:8,operational_model_only,PASS,none
operational_exploration,WRC:9,operational_model_only,PASS,none
operational_exploration,WRC:10,operational_model_only,PASS,none
operational_exploration,WRC:11,operational_model_only,PASS,none
operational_exploration,WRC:12,operational_model_only,PASS,none
operational_exploration,WRC:13,operational_model_only,PASS,none
operational_exploration,WRC:14,operational_model_only,PASS,none
operational_exploration,WRC:15,operational_model_only,PASS,none
operational_exploration,WRC:16,operational_model_only,PASS,none
operational_exploration,WRC:17,operational_model_only,PASS,none
operational_exploration,WRC:18,operational_model_only,PASS,none
operational_exploration,WRC:19,operational_model_only,PASS,none
operational_exploration,WRC:20,operational_model_only,PASS,none
operational_exploration,WRC:21,operational_model_only,PASS,none
operational_exploration,WRC:22,operational_model_only,PASS,none
operational_exploration,WRC:23,operational_model_only,PASS,none
operational_exploration,WRC:24,operational_model_only,PASS,none
operational_exploration,WRC_FENCE:0,operational_model_only,PASS,none
operational_exploration,WRC_FENCE:1,operational_model_only,PASS,none
operational_exploration,WRC_FENCE:2,operational_model_only,PASS,none
operational_exploration,WRC_FENCE:3,operational_model_only,PASS,none
operational_exploration,WRC_FENCE:4,operational_model_only,PASS,none
operational_exploration,WRC_FENCE:5,operational_model_only,PASS,none
operational_exploration,WRC_FENCE:6,operational_model_only,PASS,none
operational_exploration,WRC_FENCE:7,operational_model_only,PASS,none
operational_exploration,WRC_FENCE:8,operational_model_only,PASS,none
operational_exploration,WRC_FENCE:9,operational_model_only,PASS,none
operational_exploration,WRC_FENCE:10,operational_model_only,PASS,none
operational_exploration,WRC_FENCE:11,operational_model_only,PASS,none
operational_exploration,WRC_FENCE:12,operational_model_only,PASS,none
operational_exploration,WRC_FENCE:13,operational_model_only,PASS,none
operational_exploration,WRC_FENCE:14,operational_model_only,PASS,none
operational_exploration,WRC_FENCE:15,operational_model_only,PASS,none
operational_exploration,WRC_FENCE:16,operational_model_only,PASS,none
operational_exploration,WRC_FENCE:17,operational_model_only,PASS,none
operational_exploration,WRC_FENCE:18,operational_model_only,PASS,none
operational_exploration,WRC_FENCE:19,operational_model_only,PASS,none
operational_exploration,WRC_FENCE:20,operational_model_only,PASS,none
operational_exploration,WRC_FENCE:21,operational_model_only,PASS,none
operational_exploration,WRC_FENCE:22,operational_model_only,PASS,none
operational_exploration,WRC_FENCE:23,operational_model_only,PASS,none
operational_exploration,WRC_FENCE:24,operational_model_only,PASS,none
gcc_rtl_iss,workload0_O0,RTL+ISS+coherence_model,PASS,none
gcc_rtl_iss,workload0_O2,RTL+ISS+coherence_model,PASS,none
gcc_rtl_iss,workload0_Os,RTL+ISS+coherence_model,PASS,none
gcc_rtl_iss,workload1_O0,RTL+ISS+coherence_model,PASS,none
gcc_rtl_iss,workload1_O2,RTL+ISS+coherence_model,PASS,none
gcc_rtl_iss,workload1_Os,RTL+ISS+coherence_model,PASS,none
gcc_rtl_iss,workload2_O0,RTL+ISS+coherence_model,PASS,none
gcc_rtl_iss,workload2_O2,RTL+ISS+coherence_model,PASS,none
gcc_rtl_iss,workload2_Os,RTL+ISS+coherence_model,PASS,none
gcc_rtl_iss,workload3_O0,RTL+ISS+coherence_model,PASS,none
gcc_rtl_iss,workload3_O2,RTL+ISS+coherence_model,PASS,none
gcc_rtl_iss,workload3_Os,RTL+ISS+coherence_model,PASS,none
gcc_rtl_iss,workload4_O0,RTL+ISS+coherence_model,PASS,none
gcc_rtl_iss,workload4_O2,RTL+ISS+coherence_model,PASS,none
gcc_rtl_iss,workload4_Os,RTL+ISS+coherence_model,PASS,none
gcc_rtl_iss,workload5_O0,RTL+ISS+coherence_model,PASS,none
gcc_rtl_iss,workload5_O2,RTL+ISS+coherence_model,PASS,none
gcc_rtl_iss,workload5_Os,RTL+ISS+coherence_model,PASS,none
gcc_rtl_iss,workload6_O0,RTL+ISS+coherence_model,PASS,none
gcc_rtl_iss,workload6_O2,RTL+ISS+coherence_model,PASS,none
gcc_rtl_iss,workload6_Os,RTL+ISS+coherence_model,PASS,none
gcc_rtl_iss,workload7_O0,RTL+ISS+coherence_model,PASS,none
gcc_rtl_iss,workload7_O2,RTL+ISS+coherence_model,PASS,none
gcc_rtl_iss,workload7_Os,RTL+ISS+coherence_model,PASS,none
operational_random,generated_00,operational_model_only,PASS,none
operational_random,generated_01,operational_model_only,PASS,none
operational_random,generated_02,operational_model_only,PASS,none
operational_random,generated_03,operational_model_only,PASS,none
operational_random,generated_04,operational_model_only,PASS,none
operational_random,generated_05,operational_model_only,PASS,none
operational_random,generated_06,operational_model_only,PASS,none
operational_random,generated_07,operational_model_only,PASS,none
operational_random,generated_08,operational_model_only,PASS,none
operational_random,generated_09,operational_model_only,PASS,none
operational_random,generated_10,operational_model_only,PASS,none
operational_random,generated_11,operational_model_only,PASS,none
operational_random,generated_12,operational_model_only,PASS,none
operational_random,generated_13,operational_model_only,PASS,none
operational_random,generated_14,operational_model_only,PASS,none
operational_random,generated_15,operational_model_only,PASS,none
operational_random,generated_16,operational_model_only,PASS,none
operational_random,generated_17,operational_model_only,PASS,none
operational_random,generated_18,operational_model_only,PASS,none
operational_random,generated_19,operational_model_only,PASS,none
operational_random,generated_20,operational_model_only,PASS,none
operational_random,generated_21,operational_model_only,PASS,none
operational_random,generated_22,operational_model_only,PASS,none
operational_random,generated_23,operational_model_only,PASS,none
operational_random,generated_24,operational_model_only,PASS,none
operational_random,generated_25,operational_model_only,PASS,none
operational_random,generated_26,operational_model_only,PASS,none
operational_random,generated_27,operational_model_only,PASS,none
operational_random,generated_28,operational_model_only,PASS,none
operational_random,generated_29,operational_model_only,PASS,none
operational_random,generated_30,operational_model_only,PASS,none
operational_random,generated_31,operational_model_only,PASS,none
operational_random,generated_32,operational_model_only,PASS,none
operational_random,generated_33,operational_model_only,PASS,none
operational_random,generated_34,operational_model_only,PASS,none
operational_random,generated_35,operational_model_only,PASS,none
operational_random,generated_36,operational_model_only,PASS,none
operational_random,generated_37,operational_model_only,PASS,none
operational_random,generated_38,operational_model_only,PASS,none
operational_random,generated_39,operational_model_only,PASS,none
operational_random,generated_40,operational_model_only,PASS,none
operational_random,generated_41,operational_model_only,PASS,none
operational_random,generated_42,operational_model_only,PASS,none
operational_random,generated_43,operational_model_only,PASS,none
operational_random,generated_44,operational_model_only,PASS,none
operational_random,generated_45,operational_model_only,PASS,none
operational_random,generated_46,operational_model_only,PASS,none
operational_random,generated_47,operational_model_only,PASS,none
operational_random,generated_48,operational_model_only,PASS,none
operational_random,generated_49,operational_model_only,PASS,none
