scenario,seed,backpressure_percent,fence_h0,fence_h1,events,status,first_mismatch,trace
generated_00,49169,0,True,True,19,PASS,none,build/coherent/random_traces/seed_49169.jsonl
generated_01,49380,25,True,True,19,PASS,none,build/coherent/random_traces/seed_49380.jsonl
generated_02,49591,50,True,True,22,PASS,none,build/coherent/random_traces/seed_49591.jsonl
generated_03,49802,75,False,True,20,PASS,none,build/coherent/random_traces/seed_49802.jsonl
generated_04,50013,0,True,True,16,PASS,none,build/coherent/random_traces/seed_50013.jsonl
generated_05,50224,25,True,True,17,PASS,none,build/coherent/random_traces/seed_50224.jsonl
generated_06,50435,50,False,False,15,PASS,none,build/coherent/random_traces/seed_50435.jsonl
generated_07,50646,75,False,True,39,PASS,none,build/coherent/random_traces/seed_50646.jsonl
generated_08,50857,0,False,True,14,PASS,none,build/coherent/random_traces/seed_50857.jsonl
generated_09,51068,25,True,False,18,PASS,none,build/coherent/random_traces/seed_51068.jsonl
generated_10,51279,50,True,True,22,PASS,none,build/coherent/random_traces/seed_51279.jsonl
generated_11,51490,75,True,True,34,PASS,none,build/coherent/random_traces/seed_51490.jsonl
generated_12,51701,0,False,True,14,PASS,none,build/coherent/random_traces/seed_51701.jsonl
generated_13,51912,25,True,True,22,PASS,none,build/coherent/random_traces/seed_51912.jsonl
generated_14,52123,50,True,True,21,PASS,none,build/coherent/random_traces/seed_52123.jsonl
generated_15,52334,75,False,False,22,PASS,none,build/coherent/random_traces/seed_52334.jsonl
generated_16,52545,0,False,True,14,PASS,none,build/coherent/random_traces/seed_52545.jsonl
generated_17,52756,25,True,True,22,PASS,none,build/coherent/random_traces/seed_52756.jsonl
generated_18,52967,50,False,False,17,PASS,none,build/coherent/random_traces/seed_52967.jsonl
generated_19,53178,75,True,True,44,PASS,none,build/coherent/random_traces/seed_53178.jsonl
generated_20,53389,0,True,False,14,PASS,none,build/coherent/random_traces/seed_53389.jsonl
generated_21,53600,25,False,False,15,PASS,none,build/coherent/random_traces/seed_53600.jsonl
generated_22,53811,50,False,False,12,PASS,none,build/coherent/random_traces/seed_53811.jsonl
generated_23,54022,75,True,True,36,PASS,none,build/coherent/random_traces/seed_54022.jsonl
generated_24,54233,0,True,True,18,PASS,none,build/coherent/random_traces/seed_54233.jsonl
generated_25,54444,25,False,True,18,PASS,none,build/coherent/random_traces/seed_54444.jsonl
generated_26,54655,50,True,True,23,PASS,none,build/coherent/random_traces/seed_54655.jsonl
generated_27,54866,75,True,True,31,PASS,none,build/coherent/random_traces/seed_54866.jsonl
generated_28,55077,0,False,False,10,PASS,none,build/coherent/random_traces/seed_55077.jsonl
generated_29,55288,25,False,False,17,PASS,none,build/coherent/random_traces/seed_55288.jsonl
generated_30,55499,50,True,True,23,PASS,none,build/coherent/random_traces/seed_55499.jsonl
generated_31,55710,75,True,False,28,PASS,none,build/coherent/random_traces/seed_55710.jsonl
generated_32,55921,0,False,True,14,PASS,none,build/coherent/random_traces/seed_55921.jsonl
generated_33,56132,25,True,False,16,PASS,none,build/coherent/random_traces/seed_56132.jsonl
generated_34,56343,50,True,False,24,PASS,none,build/coherent/random_traces/seed_56343.jsonl
generated_35,56554,75,False,True,21,PASS,none,build/coherent/random_traces/seed_56554.jsonl
generated_36,56765,0,True,True,18,PASS,none,build/coherent/random_traces/seed_56765.jsonl
generated_37,56976,25,True,True,20,PASS,none,build/coherent/random_traces/seed_56976.jsonl
generated_38,57187,50,False,False,15,PASS,none,build/coherent/random_traces/seed_57187.jsonl
generated_39,57398,75,True,False,23,PASS,none,build/coherent/random_traces/seed_57398.jsonl
generated_40,57609,0,True,True,16,PASS,none,build/coherent/random_traces/seed_57609.jsonl
generated_41,57820,25,True,False,19,PASS,none,build/coherent/random_traces/seed_57820.jsonl
generated_42,58031,50,True,True,17,PASS,none,build/coherent/random_traces/seed_58031.jsonl
generated_43,58242,75,False,True,23,PASS,none,build/coherent/random_traces/seed_58242.jsonl
generated_44,58453,0,True,False,15,PASS,none,build/coherent/random_traces/seed_58453.jsonl
generated_45,58664,25,True,True,22,PASS,none,build/coherent/random_traces/seed_58664.jsonl
generated_46,58875,50,True,False,27,PASS,none,build/coherent/random_traces/seed_58875.jsonl
generated_47,59086,75,True,False,39,PASS,none,build/coherent/random_traces/seed_59086.jsonl
generated_48,59297,0,True,True,16,PASS,none,build/coherent/random_traces/seed_59297.jsonl
generated_49,59508,25,True,True,17,PASS,none,build/coherent/random_traces/seed_59508.jsonl
